fecha,no_recibo,cliente_dni
2010-01-01,0000000001,17984201
2010-01-02,0000000002,59359314
2010-01-03,0000000003,11159788
2010-01-04,0000000004,81710505
2010-01-05,0000000005,16404956
2010-01-06,0000000006,92552376
2010-01-07,0000000007,82470125
2010-01-08,0000000008,07120398
2010-01-09,0000000009,21529117
2010-01-10,0000000010,90969347
2010-01-11,0000000011,08880448
2010-01-12,0000000012,27864155
2010-01-13,0000000013,64610554
2010-01-14,0000000014,00499975
2010-01-15,0000000015,78125145
2010-01-16,0000000016,00746108
2010-01-17,0000000017,67741305
2010-01-18,0000000018,04780924
2010-01-19,0000000019,01712896
2010-01-20,0000000020,22159592
2010-01-21,0000000021,11666700
2010-01-22,0000000022,26831796
2010-01-23,0000000023,37450360
2010-01-24,0000000024,90816182
2010-01-25,0000000025,94713779
2010-01-26,0000000026,64610554
2010-01-27,0000000027,26766246
2010-01-28,0000000028,02584455
2010-01-29,0000000029,47079810
2010-01-30,0000000030,77397967
2010-01-31,0000000031,28867985
2010-02-01,0000000032,79786277
2010-02-02,0000000033,52739559
2010-02-03,0000000034,61569878
2010-02-04,0000000035,10069593
2010-02-05,0000000036,95363426
2010-02-06,0000000037,88362910
2010-02-07,0000000038,58127138
2010-02-08,0000000039,13799912
2010-02-09,0000000040,76654856
2010-02-10,0000000041,43883805
2010-02-11,0000000042,45440104
2010-02-12,0000000043,83930644
2010-02-13,0000000044,02731827
2010-02-14,0000000045,18085356
2010-02-15,0000000046,53386032
2010-02-15,0000000047,64549532
2010-02-16,0000000048,69765753
2010-02-17,0000000049,03576588
2010-02-18,0000000050,48484186
2010-02-19,0000000051,31381479
2010-02-20,0000000052,41108004
2010-02-21,0000000053,18857880
2010-02-22,0000000054,93568391
2010-02-23,0000000055,26733270
2010-02-24,0000000056,81881710
2010-02-25,0000000057,68512430
2010-02-26,0000000058,07946990
2010-02-27,0000000059,19324963
2010-02-28,0000000060,93034139
2010-03-01,0000000061,22794153
2010-03-02,0000000062,81710505
2010-03-03,0000000063,06402026
2010-03-04,0000000064,96092207
2010-03-05,0000000065,93508859
2010-03-06,0000000066,39653755
2010-03-07,0000000067,20362733
2010-03-08,0000000068,43543557
2010-03-09,0000000069,69856153
2010-03-10,0000000070,18761667
2010-03-11,0000000071,97262294
2010-03-12,0000000072,45964062
2010-03-12,0000000073,64549532
2010-03-13,0000000074,22878417
2010-03-14,0000000075,38569233
2010-03-15,0000000076,55982742
2010-03-16,0000000077,52127903
2010-03-17,0000000078,24057171
2010-03-18,0000000079,27833162
2010-03-19,0000000080,08761173
2010-03-20,0000000081,66016081
2010-03-21,0000000082,40201793
2010-03-22,0000000083,50865319
2010-03-23,0000000084,84588517
2010-03-24,0000000085,05057444
2010-03-25,0000000086,48732121
2010-03-26,0000000087,22392442
2010-03-27,0000000088,56562074
2010-03-28,0000000089,08990525
2010-03-29,0000000090,48926081
2010-03-30,0000000091,08453397
2010-03-31,0000000092,14059738
2010-04-01,0000000093,85566280
2010-04-02,0000000094,69765753
2010-04-03,0000000095,06465482
2010-04-04,0000000096,95832851
2010-04-05,0000000097,73890948
2010-04-06,0000000098,29163103
2010-04-07,0000000099,82905253
2010-04-08,0000000100,22679114
2010-04-09,0000000101,09863852
2010-04-10,0000000102,88191888
2010-04-11,0000000103,42602894
2010-04-12,0000000104,46635783
2010-04-13,0000000105,00755169
2010-04-14,0000000106,97951102
2010-04-15,0000000107,59913279
2010-04-16,0000000108,68883787
2010-04-17,0000000109,66650275
2010-04-18,0000000110,30337664
2010-04-19,0000000111,26784416
2010-04-20,0000000112,59265623
2010-04-21,0000000113,01744577
2010-04-22,0000000114,78171304
2010-04-23,0000000115,84588517
2010-04-24,0000000116,85567142
2010-04-25,0000000117,81701666
2010-04-26,0000000118,68676540
2010-04-27,0000000119,03975466
2010-04-28,0000000120,88992806
2010-04-29,0000000121,53996653
2010-04-30,0000000122,59359314
2010-05-01,0000000123,98234260
2010-05-02,0000000124,76654856
2010-05-03,0000000125,89690028
2010-05-04,0000000126,14886117
2010-05-05,0000000127,72756665
2010-05-06,0000000128,67411720
2010-05-07,0000000129,59490672
2010-05-08,0000000130,23989058
2010-05-09,0000000131,48732121
2010-05-10,0000000132,56240711
2010-05-11,0000000133,71466230
2010-05-12,0000000134,08761173
2010-05-13,0000000135,70079562
2010-05-14,0000000136,02584455
2010-05-15,0000000137,00185742
2010-05-16,0000000138,77045622
2010-05-17,0000000139,87654604
2010-05-18,0000000140,46204753
2010-05-19,0000000141,81701666
2010-05-20,0000000142,82905253
2010-05-21,0000000143,26831796
2010-05-22,0000000144,21491350
2010-05-23,0000000145,68512430
2010-05-24,0000000146,20793152
2010-05-25,0000000147,96092207
2010-05-26,0000000148,88146445
2010-05-27,0000000149,45659540
2010-05-28,0000000150,47887300
2010-05-29,0000000151,04554962
2010-05-30,0000000152,61955226
2010-05-31,0000000153,78398330
2010-06-01,0000000154,32823361
2010-06-02,0000000155,64610554
2010-06-03,0000000156,13298781
2010-06-04,0000000157,31313467
2010-06-05,0000000158,98497822
2010-06-06,0000000159,05273775
2010-06-07,0000000160,34220115
2010-06-08,0000000161,31313467
2010-06-09,0000000162,65901997
2010-06-10,0000000163,58908293
2010-06-11,0000000164,21117580
2010-06-12,0000000165,50865319
2010-06-13,0000000166,99577484
2010-06-14,0000000167,22886602
2010-06-15,0000000168,12870974
2010-06-16,0000000169,27728984
2010-06-17,0000000170,82489027
2010-06-18,0000000171,30337664
2010-06-19,0000000172,45440104
2010-06-20,0000000173,13688511
2010-06-21,0000000174,41061074
2010-06-22,0000000175,37244538
2010-06-23,0000000176,60553103
2010-06-23,0000000177,56482198
2010-06-24,0000000178,09368354
2010-06-25,0000000179,60210289
2010-06-26,0000000180,13630881
2010-06-27,0000000181,22751691
2010-06-28,0000000182,91281142
2010-06-29,0000000183,59122062
2010-06-30,0000000184,40126016
2010-07-01,0000000185,98931778
2010-07-02,0000000186,01391394
2010-07-03,0000000187,21637365
2010-07-04,0000000188,10224298
2010-07-05,0000000189,45759809
2010-07-06,0000000190,32234110
2010-07-07,0000000191,48750155
2010-07-08,0000000192,48750155
2010-07-09,0000000193,84885394
2010-07-10,0000000194,77966252
2010-07-11,0000000195,83461978
2010-07-12,0000000196,04227288
2010-07-13,0000000197,56995465
2010-07-14,0000000198,65992130
2010-07-15,0000000199,03785830
2010-07-16,0000000200,17864013
2010-07-17,0000000201,38540530
2010-07-18,0000000202,99256334
2010-07-19,0000000203,07946990
2010-07-20,0000000204,46787587
2010-07-21,0000000205,87376756
2010-07-22,0000000206,29548825
2010-07-23,0000000207,04595889
2010-07-24,0000000208,97861544
2010-07-25,0000000209,07579367
2010-07-26,0000000210,89059926
2010-07-27,0000000211,78766659
2010-07-28,0000000212,68952113
2010-07-29,0000000213,95539522
2010-07-30,0000000214,24201033
2010-07-31,0000000215,70310085
2010-08-01,0000000216,70017686
2010-08-02,0000000217,17768994
2010-08-03,0000000218,72106731
2010-08-04,0000000219,46787587
2010-08-05,0000000220,27644559
2010-08-06,0000000221,48484186
2010-08-07,0000000222,61863743
2010-08-08,0000000223,85447290
2010-08-09,0000000224,46533538
2010-08-10,0000000225,90816182
2010-08-11,0000000226,75605070
2010-08-12,0000000227,86231058
2010-08-13,0000000228,26034581
2010-08-14,0000000229,11970177
2010-08-15,0000000230,99856101
2010-08-16,0000000231,23145699
2010-08-17,0000000232,28678334
2010-08-18,0000000233,90901755
2010-08-19,0000000234,02409107
2010-08-19,0000000235,14497941
2010-08-20,0000000236,75681320
2010-08-21,0000000237,22508034
2010-08-22,0000000238,18857880
2010-08-23,0000000239,55422654
2010-08-24,0000000240,16404956
2010-08-25,0000000241,68676540
2010-08-26,0000000242,09695097
2010-08-27,0000000243,54406882
2010-08-28,0000000244,18580046
2010-08-29,0000000245,05242551
2010-08-30,0000000246,24351002
2010-08-31,0000000247,88013224
2010-09-01,0000000248,85566280
2010-09-02,0000000249,09621334
2010-09-03,0000000250,71174082
2010-09-04,0000000251,79984015
2010-09-05,0000000252,56529511
2010-09-06,0000000253,60792939
2010-09-07,0000000254,26784416
2010-09-08,0000000255,51555682
2010-09-09,0000000256,35531927
2010-09-10,0000000257,59348998
2010-09-11,0000000258,02310807
2010-09-12,0000000259,81688363
2010-09-13,0000000260,19052991
2010-09-14,0000000261,84372610
2010-09-15,0000000262,57250830
2010-09-16,0000000263,83461978
2010-09-17,0000000264,64072032
2010-09-18,0000000265,32963871
2010-09-19,0000000266,50720950
2010-09-19,0000000267,79786277
2010-09-20,0000000268,89114762
2010-09-21,0000000269,98288550
2010-09-22,0000000270,10069593
2010-09-23,0000000271,66909660
2010-09-24,0000000272,36861184
2010-09-25,0000000273,68799845
2010-09-26,0000000274,93568391
2010-09-27,0000000275,13789112
2010-09-28,0000000276,09155758
2010-09-28,0000000277,05890068
2010-09-29,0000000278,64072032
2010-09-30,0000000279,71652728
2010-10-01,0000000280,65901997
2010-10-02,0000000281,34772771
2010-10-03,0000000282,66496857
2010-10-04,0000000283,64072032
2010-10-04,0000000284,43786700
2010-10-05,0000000285,86269559
2010-10-06,0000000286,73889021
2010-10-07,0000000287,24716980
2010-10-08,0000000288,08329123
2010-10-09,0000000289,22537041
2010-10-10,0000000290,59490672
2010-10-11,0000000291,17898020
2010-10-12,0000000292,96270326
2010-10-13,0000000293,93568391
2010-10-14,0000000294,27245218
2010-10-15,0000000295,78171304
2010-10-16,0000000296,84885394
2010-10-17,0000000297,45460306
2010-10-18,0000000298,58628854
2010-10-19,0000000299,24284271
2010-10-20,0000000300,60675339
2010-10-21,0000000301,17372400
2010-10-22,0000000302,66650275
2010-10-23,0000000303,68299960
2010-10-24,0000000304,72976933
2010-10-25,0000000305,65022915
2010-10-26,0000000306,06530546
2010-10-27,0000000307,28911064
2010-10-28,0000000308,00115952
2010-10-29,0000000309,27472489
2010-10-30,0000000310,11546851
2010-10-31,0000000311,26321062
2010-11-01,0000000312,85447290
2010-11-02,0000000313,23409465
2010-11-03,0000000314,82346705
2010-11-04,0000000315,58297580
2010-11-05,0000000316,88362910
2010-11-06,0000000317,07633587
2010-11-07,0000000318,16968368
2010-11-08,0000000319,46787587
2010-11-09,0000000320,43782821
2010-11-10,0000000321,33665308
2010-11-11,0000000322,75313636
2010-11-12,0000000323,00473480
2010-11-13,0000000324,30984708
2010-11-14,0000000325,69480216
2010-11-15,0000000326,80684496
2010-11-16,0000000327,42794553
2010-11-17,0000000328,37450360
2010-11-18,0000000329,61289855
2010-11-19,0000000330,70377162
2010-11-20,0000000331,87704380
2010-11-21,0000000332,30884235
2010-11-22,0000000333,91322174
2010-11-23,0000000334,54774834
2010-11-24,0000000335,84588517
2010-11-25,0000000336,06402026
2010-11-26,0000000337,27199765
2010-11-27,0000000338,94453387
2010-11-28,0000000339,40937027
2010-11-29,0000000340,78704702
2010-11-30,0000000341,64153401
2010-12-01,0000000342,44729879
2010-12-02,0000000343,68299960
2010-12-03,0000000344,96585023
2010-12-04,0000000345,99606006
2010-12-05,0000000346,97861544
2010-12-06,0000000347,79984015
2010-12-07,0000000348,77478938
2010-12-08,0000000349,94624038
2010-12-09,0000000350,23777632
2010-12-10,0000000351,26321062
2010-12-11,0000000352,44767317
2010-12-12,0000000353,24538413
2010-12-13,0000000354,79984015
2010-12-14,0000000355,28731592
2010-12-15,0000000356,66721691
2010-12-16,0000000357,84862981
2010-12-17,0000000358,67670137
2010-12-18,0000000359,81809067
2010-12-19,0000000360,62869151
2010-12-20,0000000361,78125145
2010-12-21,0000000362,06530546
2010-12-22,0000000363,18580046
2010-12-23,0000000364,17768994
2010-12-24,0000000365,70413261
2010-12-25,0000000366,19392327
2010-12-26,0000000367,32509041
2010-12-27,0000000368,88326552
2010-12-28,0000000369,41709386
2010-12-29,0000000370,43904381
2010-12-30,0000000371,58575445
2010-12-31,0000000372,85161771
2011-01-01,0000000373,67747188
2011-01-02,0000000374,10244080
2011-01-03,0000000375,40167198
2011-01-04,0000000376,18421450
2011-01-05,0000000377,56995465
2011-01-06,0000000378,31789373
2011-01-07,0000000379,98386293
2011-01-08,0000000380,17298678
2011-01-09,0000000381,81809067
2011-01-10,0000000382,94713779
2011-01-11,0000000383,03921233
2011-01-12,0000000384,88889444
2011-01-13,0000000385,22514635
2011-01-14,0000000386,00655373
2011-01-15,0000000387,33214214
2011-01-16,0000000388,73847681
2011-01-17,0000000389,16208215
2011-01-18,0000000390,63283295
2011-01-19,0000000391,03849667
2011-01-20,0000000392,23762180
2011-01-21,0000000393,85475379
2011-01-22,0000000394,07524541
2011-01-23,0000000395,23145699
2011-01-24,0000000396,19231313
2011-01-25,0000000397,77666483
2011-01-26,0000000398,80137027
2011-01-27,0000000399,33653965
2011-01-28,0000000400,32963871
2011-01-29,0000000401,03681169
2011-01-30,0000000402,33653965
2011-01-31,0000000403,60889855
2011-02-01,0000000404,22679114
2011-02-02,0000000405,81273988
2011-02-03,0000000406,61863743
2011-02-04,0000000407,03921233
2011-02-05,0000000408,75137653
2011-02-06,0000000409,43904381
2011-02-07,0000000410,97265336
2011-02-08,0000000411,29760672
2011-02-09,0000000412,26733270
2011-02-10,0000000413,35024161
2011-02-11,0000000414,71783283
2011-02-12,0000000415,09863852
2011-02-13,0000000416,20362733
2011-02-14,0000000417,03975466
2011-02-14,0000000418,01744577
2011-02-15,0000000419,93507095
2011-02-16,0000000420,31574919
2011-02-17,0000000421,59117651
2011-02-18,0000000422,18348821
2011-02-19,0000000423,51398814
2011-02-20,0000000424,08453397
2011-02-21,0000000425,61901691
2011-02-22,0000000426,44729879
2011-02-23,0000000427,90901755
2011-02-24,0000000428,05830620
2011-02-25,0000000429,23581299
2011-02-26,0000000430,72334820
2011-02-27,0000000431,04541598
2011-02-28,0000000432,59790697
2011-03-01,0000000433,18592086
2011-03-02,0000000434,37435140
2011-03-03,0000000435,54680825
2011-03-04,0000000436,40201793
2011-03-05,0000000437,17783333
2011-03-06,0000000438,56482198
2011-03-07,0000000439,43371377
2011-03-08,0000000440,06530546
2011-03-09,0000000441,39475032
2011-03-10,0000000442,04920233
2011-03-11,0000000443,37435140
2011-03-12,0000000444,14969451
2011-03-13,0000000445,44564565
2011-03-14,0000000446,94212944
2011-03-15,0000000447,89719232
2011-03-16,0000000448,37244538
2011-03-17,0000000449,13869388
2011-03-18,0000000450,78704702
2011-03-19,0000000451,20554892
2011-03-20,0000000452,07524541
2011-03-21,0000000453,36659093
2011-03-22,0000000454,51168125
2011-03-23,0000000455,12123611
2011-03-24,0000000456,89807831
2011-03-25,0000000457,10224298
2011-03-26,0000000458,46679758
2011-03-27,0000000459,62256788
2011-03-28,0000000460,88833465
2011-03-29,0000000461,82346705
2011-03-30,0000000462,43595992
2011-03-31,0000000463,88191888
2011-04-01,0000000464,53386032
2011-04-02,0000000465,68084235
2011-04-03,0000000466,31883902
2011-04-04,0000000467,55556011
2011-04-05,0000000468,45964062
2011-04-06,0000000469,20439220
2011-04-07,0000000470,23409465
2011-04-08,0000000471,37254320
2011-04-09,0000000472,50718830
2011-04-10,0000000473,13630881
2011-04-11,0000000474,48038642
2011-04-12,0000000475,97602549
2011-04-13,0000000476,37490067
2011-04-14,0000000477,03681169
2011-04-15,0000000478,21300998
2011-04-16,0000000479,15510616
2011-04-17,0000000480,75313636
2011-04-18,0000000481,66909660
2011-04-19,0000000482,77966252
2011-04-20,0000000483,56654796
2011-04-21,0000000484,35530915
2011-04-22,0000000485,27245218
2011-04-23,0000000486,43595992
2011-04-23,0000000487,94434568
2011-04-24,0000000488,76047291
2011-04-25,0000000489,97951102
2011-04-26,0000000490,41916936
2011-04-27,0000000491,52834786
2011-04-28,0000000492,86566838
2011-04-29,0000000493,98870401
2011-04-30,0000000494,87092203
2011-05-01,0000000495,43786700
2011-05-02,0000000496,72106731
2011-05-03,0000000497,71375462
2011-05-04,0000000498,19324963
2011-05-05,0000000499,82540285
2011-05-06,0000000500,67872712
2011-05-07,0000000501,92552376
2011-05-08,0000000502,37435140
2011-05-09,0000000503,98668316
2011-05-09,0000000504,15573911
2011-05-10,0000000505,28326914
2011-05-11,0000000506,07450604
2011-05-12,0000000507,75458603
2011-05-13,0000000508,29939622
2011-05-14,0000000509,15948475
2011-05-15,0000000510,89287660
2011-05-16,0000000511,90901755
2011-05-17,0000000512,51906328
2011-05-18,0000000513,34772771
2011-05-19,0000000514,41578759
2011-05-20,0000000515,56562074
2011-05-21,0000000516,09695097
2011-05-22,0000000517,27472489
2011-05-23,0000000518,88927969
2011-05-24,0000000519,72756665
2011-05-25,0000000520,71284007
2011-05-26,0000000521,43904381
2011-05-27,0000000522,93916882
2011-05-28,0000000523,50718830
2011-05-29,0000000524,70377162
2011-05-30,0000000525,19433102
2011-05-31,0000000526,16968368
2011-06-01,0000000527,81257061
2011-06-02,0000000528,93315478
2011-06-03,0000000529,27230087
2011-06-04,0000000530,91271580
2011-06-05,0000000531,30677299
2011-06-06,0000000532,47887300
2011-06-07,0000000533,73889021
2011-06-08,0000000534,17137190
2011-06-09,0000000535,59401854
2011-06-10,0000000536,87376756
2011-06-11,0000000537,44206472
2011-06-12,0000000538,39878138
2011-06-13,0000000539,07168874
2011-06-14,0000000540,05196976
2011-06-15,0000000541,09172955
2011-06-16,0000000542,67176144
2011-06-17,0000000543,05890068
2011-06-18,0000000544,72231412
2011-06-19,0000000545,70254189
2011-06-20,0000000546,41493948
2011-06-21,0000000547,11159788
2011-06-22,0000000548,21491350
2011-06-23,0000000549,87601164
2011-06-24,0000000550,23762180
2011-06-25,0000000551,22485243
2011-06-26,0000000552,27644559
2011-06-27,0000000553,51449532
2011-06-28,0000000554,88266335
2011-06-29,0000000555,32823361
2011-06-30,0000000556,05273775
2011-07-01,0000000557,49641076
2011-07-02,0000000558,78766659
2011-07-03,0000000559,62869151
2011-07-04,0000000560,03063103
2011-07-05,0000000561,46545096
2011-07-06,0000000562,63242052
2011-07-06,0000000563,17757940
2011-07-07,0000000564,21637365
2011-07-08,0000000565,46533538
2011-07-09,0000000566,51733607
2011-07-10,0000000567,77045622
2011-07-11,0000000568,70940349
2011-07-12,0000000569,90138139
2011-07-13,0000000570,83646308
2011-07-14,0000000571,91746217
2011-07-15,0000000572,70933962
2011-07-16,0000000573,51398814
2011-07-17,0000000574,87844314
2011-07-18,0000000575,02062565
2011-07-19,0000000576,59026449
2011-07-20,0000000577,11567161
2011-07-21,0000000578,62899972
2011-07-22,0000000579,69279029
2011-07-23,0000000580,55556011
2011-07-24,0000000581,69655488
2011-07-25,0000000582,89719232
2011-07-26,0000000583,86566838
2011-07-27,0000000584,96108147
2011-07-28,0000000585,37796177
2011-07-29,0000000586,52717543
2011-07-30,0000000587,37929133
2011-07-31,0000000588,83646308
2011-08-01,0000000589,56995465
2011-08-02,0000000590,07120398
2011-08-03,0000000591,21259946
2011-08-04,0000000592,02984268
2011-08-05,0000000593,15613033
2011-08-06,0000000594,70074080
2011-08-07,0000000595,38834734
2011-08-08,0000000596,54910387
2011-08-09,0000000597,26034581
2011-08-10,0000000598,28911064
2011-08-11,0000000599,80062180
2011-08-12,0000000600,93834917
2011-08-13,0000000601,94985724
2011-08-14,0000000602,60210289
2011-08-15,0000000603,50424477
2011-08-16,0000000604,32466207
2011-08-17,0000000605,18865182
2011-08-18,0000000606,27245218
2011-08-19,0000000607,03395467
2011-08-20,0000000608,63645861
2011-08-21,0000000609,80266427
2011-08-22,0000000610,27864155
2011-08-23,0000000611,29828000
2011-08-24,0000000612,21300998
2011-08-25,0000000613,32977587
2011-08-26,0000000614,39854186
2011-08-27,0000000615,36157388
2011-08-28,0000000616,97602549
2011-08-29,0000000617,23461580
2011-08-30,0000000618,09695097
2011-08-31,0000000619,69856153
2011-09-01,0000000620,61128708
2011-09-02,0000000621,07450604
2011-09-03,0000000622,48926081
2011-09-04,0000000623,17379270
2011-09-05,0000000624,93084426
2011-09-06,0000000625,66566569
2011-09-07,0000000626,55176227
2011-09-08,0000000627,98544035
2011-09-09,0000000628,67507119
2011-09-10,0000000629,74927928
2011-09-11,0000000630,08559820
2011-09-12,0000000631,67507119
2011-09-13,0000000632,59348998
2011-09-14,0000000633,33061484
2011-09-15,0000000634,22159592
2011-09-16,0000000635,09621334
2011-09-17,0000000636,70933962
2011-09-18,0000000637,71174082
2011-09-19,0000000638,45559700
2011-09-20,0000000639,59913279
2011-09-21,0000000640,42842139
2011-09-22,0000000641,26735426
2011-09-23,0000000642,55176227
2011-09-24,0000000643,13047673
2011-09-25,0000000644,88844694
2011-09-26,0000000645,05358746
2011-09-27,0000000646,54258774
2011-09-28,0000000647,97861544
2011-09-29,0000000648,61289855
2011-09-30,0000000649,42794553
2011-10-01,0000000650,24351002
2011-10-02,0000000651,44564565
2011-10-03,0000000652,75137653
2011-10-04,0000000653,72242227
2011-10-05,0000000654,69116927
2011-10-06,0000000655,96702952
2011-10-07,0000000656,41061074
2011-10-08,0000000657,32895007
2011-10-09,0000000658,57364817
2011-10-10,0000000659,05986408
2011-10-11,0000000660,05242551
2011-10-12,0000000661,30512992
2011-10-13,0000000662,04920233
2011-10-14,0000000663,89287660
2011-10-14,0000000664,91346827
2011-10-15,0000000665,86486602
2011-10-16,0000000666,04373953
2011-10-17,0000000667,94713779
2011-10-18,0000000668,69365186
2011-10-19,0000000669,28716630
2011-10-20,0000000670,85567142
2011-10-21,0000000671,43543557
2011-10-22,0000000672,72709352
2011-10-23,0000000673,95832851
2011-10-24,0000000674,69283250
2011-10-24,0000000675,93686581
2011-10-25,0000000676,13861803
2011-10-26,0000000677,09314319
2011-10-27,0000000678,30677299
2011-10-28,0000000679,21637365
2011-10-29,0000000680,13430683
2011-10-29,0000000681,20000511
2011-10-30,0000000682,10756270
2011-10-31,0000000683,00030625
2011-11-01,0000000684,69365186
2011-11-02,0000000685,05074410
2011-11-03,0000000686,24716980
2011-11-04,0000000687,32785529
2011-11-05,0000000688,55571284
2011-11-06,0000000689,27472489
2011-11-07,0000000690,30041838
2011-11-08,0000000691,06929266
2011-11-09,0000000692,20036999
2011-11-10,0000000693,32895007
2011-11-11,0000000694,88013224
2011-11-12,0000000695,88146445
2011-11-13,0000000696,88140241
2011-11-14,0000000697,37399011
2011-11-15,0000000698,49049938
2011-11-16,0000000699,08634306
2011-11-17,0000000700,19433102
2011-11-18,0000000701,84514978
2011-11-19,0000000702,13861803
2011-11-20,0000000703,47997329
2011-11-21,0000000704,52525842
2011-11-22,0000000705,65106374
2011-11-23,0000000706,66877186
2011-11-24,0000000707,04161813
2011-11-25,0000000708,11253594
2011-11-26,0000000709,05196976
2011-11-27,0000000710,98435149
2011-11-28,0000000711,32060657
2011-11-29,0000000712,59026449
2011-11-30,0000000713,02310807
2011-12-01,0000000714,10697152
2011-12-02,0000000715,97602549
2011-12-03,0000000716,91390968
2011-12-04,0000000717,34658080
2011-12-05,0000000718,86738937
2011-12-05,0000000719,87442389
2011-12-06,0000000720,68512430
2011-12-07,0000000721,69154409
2011-12-08,0000000722,76047291
2011-12-09,0000000723,22751691
2011-12-10,0000000724,30211472
2011-12-11,0000000725,43543557
2011-12-12,0000000726,71612300
2011-12-13,0000000727,11253594
2011-12-14,0000000728,79417131
2011-12-15,0000000729,72546278
2011-12-16,0000000730,39878138
2011-12-17,0000000731,77397967
2011-12-18,0000000732,61128708
2011-12-19,0000000733,92760179
2011-12-20,0000000734,82349085
2011-12-21,0000000735,82875876
2011-12-21,0000000736,45460306
2011-12-22,0000000737,18857880
2011-12-23,0000000738,08761173
2011-12-24,0000000739,55422654
2011-12-25,0000000740,14003990
2011-12-26,0000000741,27694415
2011-12-27,0000000742,98031915
2011-12-28,0000000743,13506208
2011-12-29,0000000744,54910387
2011-12-30,0000000745,39793616
2011-12-31,0000000746,49793243
2012-01-01,0000000747,43812528
2012-01-02,0000000748,35608498
2012-01-03,0000000749,10159429
2012-01-04,0000000750,09368354
2012-01-05,0000000751,38060179
2012-01-06,0000000752,87652783
2012-01-07,0000000753,53098400
2012-01-08,0000000754,27644559
2012-01-09,0000000755,01707767
2012-01-10,0000000756,15510616
2012-01-11,0000000757,77666483
2012-01-12,0000000758,24284271
2012-01-13,0000000759,22392442
2012-01-14,0000000760,08140001
2012-01-15,0000000761,94985724
2012-01-16,0000000762,58575445
2012-01-17,0000000763,98668316
2012-01-18,0000000764,97397346
2012-01-19,0000000765,20109606
2012-01-20,0000000766,94725896
2012-01-20,0000000767,19231313
2012-01-21,0000000768,43883805
2012-01-22,0000000769,02984268
2012-01-23,0000000770,02062565
2012-01-24,0000000771,21439837
2012-01-25,0000000772,78999689
2012-01-26,0000000773,56288740
2012-01-27,0000000774,65934176
2012-01-28,0000000775,97814560
2012-01-29,0000000776,81948831
2012-01-30,0000000777,83898012
2012-01-31,0000000778,06529467
2012-02-01,0000000779,21300998
2012-02-01,0000000780,29828000
2012-02-02,0000000781,23056074
2012-02-03,0000000782,15573911
2012-02-04,0000000783,57626690
2012-02-05,0000000784,39074919
2012-02-06,0000000785,94985724
2012-02-07,0000000786,82875876
2012-02-08,0000000787,50777453
2012-02-09,0000000788,89069921
2012-02-10,0000000789,57023524
2012-02-11,0000000790,85209508
2012-02-12,0000000791,59790697
2012-02-13,0000000792,94777467
2012-02-14,0000000793,09055424
2012-02-15,0000000794,62899972
2012-02-16,0000000795,73363124
2012-02-17,0000000796,11324866
2012-02-18,0000000797,92813372
2012-02-19,0000000798,99462010
2012-02-20,0000000799,24386478
2012-02-21,0000000800,14886117
2012-02-22,0000000801,69655488
2012-02-23,0000000802,85566280
2012-02-24,0000000803,51555682
2012-02-25,0000000804,98833229
2012-02-26,0000000805,40353165
2012-02-27,0000000806,13861803
2012-02-28,0000000807,36956802
2012-02-29,0000000808,15948475
2012-03-01,0000000809,29163103
2012-03-02,0000000810,05133287
2012-03-03,0000000811,95103843
2012-03-04,0000000812,86738937
2012-03-05,0000000813,03950560
2012-03-06,0000000814,89719232
2012-03-07,0000000815,83888944
2012-03-08,0000000816,86039133
2012-03-09,0000000817,24457537
2012-03-10,0000000818,85121456
2012-03-10,0000000819,00573404
2012-03-11,0000000820,73890948
2012-03-12,0000000821,02015399
2012-03-13,0000000822,36597528
2012-03-14,0000000823,36695255
2012-03-15,0000000824,26730521
2012-03-16,0000000825,87704380
2012-03-17,0000000826,02201900
2012-03-18,0000000827,89823824
2012-03-19,0000000828,95156199
2012-03-20,0000000829,33214214
2012-03-21,0000000830,11125200
2012-03-22,0000000831,07450604
2012-03-23,0000000832,63612004
2012-03-24,0000000833,85161771
2012-03-25,0000000834,60317245
2012-03-26,0000000835,51449532
2012-03-27,0000000836,11159788
2012-03-28,0000000837,98438869
2012-03-29,0000000838,13226562
2012-03-30,0000000839,16742674
2012-03-31,0000000840,16515123
2012-04-01,0000000841,33665308
2012-04-02,0000000842,13475152
2012-04-03,0000000843,31574919
2012-04-04,0000000844,49049938
2012-04-05,0000000845,05358746
2012-04-06,0000000846,05005148
2012-04-07,0000000847,93064017
2012-04-08,0000000848,22508034
2012-04-09,0000000849,48038642
2012-04-10,0000000850,05242551
2012-04-11,0000000851,95103843
2012-04-12,0000000852,38060179
2012-04-13,0000000853,81827591
2012-04-14,0000000854,64812564
2012-04-15,0000000855,74468281
2012-04-16,0000000856,80266427
2012-04-17,0000000857,71652728
2012-04-18,0000000858,05318485
2012-04-19,0000000859,00755169
2012-04-20,0000000860,72756665
2012-04-21,0000000861,80275692
2012-04-22,0000000862,10697152
2012-04-23,0000000863,79786277
2012-04-24,0000000864,33780107
2012-04-25,0000000865,51555682
2012-04-26,0000000866,57278788
2012-04-27,0000000867,16322764
2012-04-28,0000000868,68799845
2012-04-29,0000000869,47997329
2012-04-30,0000000870,64373385
2012-05-01,0000000871,56015809
2012-05-02,0000000872,47490583
2012-05-03,0000000873,81257061
2012-05-04,0000000874,55300969
2012-05-05,0000000875,22537041
2012-05-06,0000000876,45893916
2012-05-07,0000000877,33082380
2012-05-08,0000000878,21491350
2012-05-09,0000000879,85566280
2012-05-10,0000000880,51391984
2012-05-11,0000000881,06529467
2012-05-12,0000000882,75137653
2012-05-13,0000000883,16742674
2012-05-13,0000000884,26709627
2012-05-14,0000000885,09586787
2012-05-15,0000000886,75507634
2012-05-16,0000000887,28525854
2012-05-17,0000000888,60792939
2012-05-18,0000000889,81701666
2012-05-19,0000000890,43450172
2012-05-20,0000000891,98386293
2012-05-21,0000000892,64812564
2012-05-22,0000000893,23409465
2012-05-23,0000000894,20109606
2012-05-24,0000000895,32895007
2012-05-25,0000000896,40072635
2012-05-26,0000000897,36293208
2012-05-27,0000000898,68677409
2012-05-28,0000000899,69283250
2012-05-29,0000000900,88146445
2012-05-30,0000000901,57023524
2012-05-31,0000000902,59490672
2012-06-01,0000000903,25127053
2012-06-02,0000000904,30489508
2012-06-03,0000000905,32541597
2012-06-04,0000000906,11666700
2012-06-05,0000000907,26735426
2012-06-06,0000000908,97946701
2012-06-07,0000000909,62360903
2012-06-08,0000000910,56482198
2012-06-09,0000000911,78398330
2012-06-10,0000000912,88140241
2012-06-11,0000000913,17137190
2012-06-12,0000000914,91557437
2012-06-13,0000000915,85790898
2012-06-14,0000000916,28678334
2012-06-15,0000000917,62885522
2012-06-16,0000000918,23610432
2012-06-17,0000000919,79354849
2012-06-18,0000000920,39878138
2012-06-19,0000000921,55571284
2012-06-20,0000000922,15613033
2012-06-21,0000000923,31830598
2012-06-22,0000000924,20648901
2012-06-23,0000000925,38056374
2012-06-24,0000000926,84514978
2012-06-25,0000000927,30561846
2012-06-26,0000000928,05397487
2012-06-27,0000000929,25499412
2012-06-28,0000000930,00254791
2012-06-29,0000000931,24457537
2012-06-30,0000000932,27651757
2012-07-01,0000000933,07740090
2012-07-02,0000000934,08559820
2012-07-03,0000000935,88106109
2012-07-04,0000000936,95156199
2012-07-05,0000000937,26508465
2012-07-06,0000000938,04935407
2012-07-07,0000000939,04450382
2012-07-08,0000000940,89853192
2012-07-09,0000000941,60553103
2012-07-10,0000000942,07454040
2012-07-11,0000000943,43782821
2012-07-12,0000000944,11277990
2012-07-13,0000000945,19231313
2012-07-14,0000000946,51900787
2012-07-15,0000000947,44729879
2012-07-16,0000000948,61955226
2012-07-17,0000000949,00563457
2012-07-18,0000000950,60364623
2012-07-19,0000000951,30840785
2012-07-20,0000000952,33226705
2012-07-21,0000000953,48038642
2012-07-22,0000000954,11970177
2012-07-23,0000000955,14628914
2012-07-23,0000000956,37490067
2012-07-24,0000000957,94777467
2012-07-25,0000000958,59301341
2012-07-26,0000000959,37399011
2012-07-27,0000000960,73861772
2012-07-28,0000000961,54680825
2012-07-29,0000000962,26730521
2012-07-30,0000000963,57981980
2012-07-31,0000000964,96418649
2012-08-01,0000000965,75507634
2012-08-02,0000000966,00473480
2012-08-03,0000000967,53098400
2012-08-04,0000000968,04254763
2012-08-05,0000000969,22794153
2012-08-06,0000000970,44649616
2012-08-07,0000000971,45893916
2012-08-08,0000000972,30840785
2012-08-09,0000000973,72231412
2012-08-10,0000000974,08634306
2012-08-11,0000000975,66721691
2012-08-12,0000000976,15613033
2012-08-13,0000000977,40126016
2012-08-14,0000000978,32130771
2012-08-15,0000000979,83218541
2012-08-16,0000000980,92057578
2012-08-17,0000000981,64674663
2012-08-18,0000000982,26321062
2012-08-19,0000000983,23610432
2012-08-20,0000000984,20793152
2012-08-21,0000000985,27651757
2012-08-22,0000000986,42150456
2012-08-23,0000000987,25127053
2012-08-24,0000000988,83122118
2012-08-25,0000000989,60210289
2012-08-26,0000000990,52127903
2012-08-27,0000000991,95870669
2012-08-28,0000000992,13226562
2012-08-29,0000000993,69154409
2012-08-30,0000000994,13298781
2012-08-31,0000000995,66909660
2012-09-01,0000000996,18507198
2012-09-02,0000000997,68990429
2012-09-03,0000000998,96092207
2012-09-04,0000000999,08559820
2012-09-05,0000001000,60889855
2012-09-06,0000001001,71925645
2012-09-07,0000001002,86995711
2012-09-08,0000001003,59117651
2012-09-09,0000001004,70074080
2012-09-10,0000001005,69154409
2012-09-11,0000001006,86575471
2012-09-12,0000001007,32823361
2012-09-13,0000001008,58297580
2012-09-14,0000001009,27833162
2012-09-15,0000001010,00185742
2012-09-16,0000001011,67872712
2012-09-17,0000001012,36350941
2012-09-18,0000001013,73890948
2012-09-19,0000001014,09502171
2012-09-20,0000001015,15968265
2012-09-21,0000001016,71783283
2012-09-22,0000001017,19324963
2012-09-23,0000001018,66198036
2012-09-24,0000001019,71783283
2012-09-25,0000001020,41061074
2012-09-26,0000001021,16012008
2012-09-26,0000001022,00185742
2012-09-27,0000001023,59301341
2012-09-28,0000001024,48484186
2012-09-29,0000001025,02731827
2012-09-30,0000001026,71466230
2012-10-01,0000001027,83930644
2012-10-02,0000001028,08634306
2012-10-03,0000001029,22097799
2012-10-04,0000001030,17991968
2012-10-05,0000001031,17372400
2012-10-06,0000001032,91548861
2012-10-07,0000001033,22971023
2012-10-08,0000001034,05057444
2012-10-09,0000001035,41578759
2012-10-10,0000001036,90132893
2012-10-11,0000001037,13630881
2012-10-12,0000001038,90066382
2012-10-13,0000001039,16210896
2012-10-14,0000001040,83218541
2012-10-15,0000001041,66272936
2012-10-16,0000001042,82905253
2012-10-17,0000001043,11291663
2012-10-18,0000001044,31574919
2012-10-19,0000001045,80878577
2012-10-20,0000001046,26784416
2012-10-21,0000001047,57981980
2012-10-22,0000001048,89853192
2012-10-23,0000001049,83898012
2012-10-24,0000001050,56089225
2012-10-25,0000001051,30211472
2012-10-26,0000001052,02062565
2012-10-27,0000001053,30888564
2012-10-28,0000001054,05318485
2012-10-29,0000001055,21117580
2012-10-30,0000001056,17767234
2012-10-31,0000001057,24201033
2012-11-01,0000001058,91346827
2012-11-02,0000001059,95633573
2012-11-03,0000001060,21439837
2012-11-04,0000001061,43831611
2012-11-05,0000001062,83218541
2012-11-06,0000001063,82023625
2012-11-07,0000001064,51168125
2012-11-08,0000001065,67731801
2012-11-09,0000001066,03950560
2012-11-10,0000001067,01905045
2012-11-11,0000001068,93034139
2012-11-12,0000001069,49049938
2012-11-13,0000001070,81255831
2012-11-14,0000001071,24927141
2012-11-15,0000001072,27651757
2012-11-16,0000001073,45759809
2012-11-17,0000001074,97472473
2012-11-18,0000001075,28752538
2012-11-18,0000001076,45976249
2012-11-19,0000001077,83372796
2012-11-20,0000001078,02201900
2012-11-21,0000001079,33082380
2012-11-22,0000001080,09314319
2012-11-23,0000001081,04541598
2012-11-24,0000001082,89853192
2012-11-25,0000001083,04227288
2012-11-26,0000001084,05397487
2012-11-27,0000001085,36736368
2012-11-28,0000001086,75542210
2012-11-29,0000001087,83962173
2012-11-30,0000001088,63242052
2012-12-01,0000001089,55300969
2012-12-02,0000001090,22508034
2012-12-03,0000001091,75672728
2012-12-04,0000001092,91271580
2012-12-05,0000001093,98107728
2012-12-06,0000001094,91746217
2012-12-07,0000001095,07524541
2012-12-08,0000001096,69480216
2012-12-09,0000001097,02100042
2012-12-09,0000001098,38540530
2012-12-10,0000001099,22508034
2012-12-11,0000001100,32963871
2012-12-12,0000001101,78548173
2012-12-13,0000001102,09586787
2012-12-14,0000001103,40937027
2012-12-15,0000001104,11159788
2012-12-16,0000001105,32602485
2012-12-17,0000001106,85790898
2012-12-18,0000001107,96702952
2012-12-19,0000001108,96845635
2012-12-20,0000001109,72231412
2012-12-21,0000001110,33872149
2012-12-22,0000001111,90066382
2012-12-23,0000001112,98391185
2012-12-24,0000001113,24351002
2012-12-25,0000001114,98497822
2012-12-26,0000001115,19231313
2012-12-27,0000001116,68084235
2012-12-28,0000001117,41061074
2012-12-29,0000001118,77045622
2012-12-30,0000001119,92496558
2012-12-31,0000001120,69804008
2013-01-01,0000001121,93767019
2013-01-02,0000001122,06317212
2013-01-03,0000001123,17865149
2013-01-04,0000001124,23762180
2013-01-05,0000001125,95156199
2013-01-06,0000001126,47774458
2013-01-07,0000001127,81688363
2013-01-08,0000001128,64153401
2013-01-09,0000001129,33748846
2013-01-10,0000001130,25262465
2013-01-11,0000001131,55176227
2013-01-12,0000001132,22508034
2013-01-12,0000001133,02584455
2013-01-13,0000001134,81255831
2013-01-14,0000001135,71844137
2013-01-15,0000001136,27230087
2013-01-16,0000001137,62360903
2013-01-17,0000001138,31932274
2013-01-18,0000001139,09222932
2013-01-19,0000001140,73839757
2013-01-20,0000001141,50381386
2013-01-21,0000001142,18421450
2013-01-22,0000001143,96363930
2013-01-23,0000001144,07633587
2013-01-24,0000001145,26547348
2013-01-25,0000001146,32955035
2013-01-26,0000001147,20439220
2013-01-27,0000001148,37341244
2013-01-28,0000001149,72976933
2013-01-29,0000001150,18592086
2013-01-30,0000001151,93129903
2013-01-31,0000001152,13506208
2013-01-31,0000001153,20769480
2013-02-01,0000001154,33226705
2013-02-02,0000001155,59452825
2013-02-03,0000001156,84448920
2013-02-04,0000001157,38768145
2013-02-05,0000001158,41250712
2013-02-06,0000001159,20769480
2013-02-07,0000001160,95870669
2013-02-08,0000001161,48208830
2013-02-09,0000001162,06465482
2013-02-10,0000001163,65745321
2013-02-11,0000001164,33732860
2013-02-12,0000001165,96956738
2013-02-13,0000001166,04450382
2013-02-14,0000001167,87652783
2013-02-15,0000001168,13688511
2013-02-16,0000001169,24307805
2013-02-16,0000001170,82470125
2013-02-17,0000001171,47079810
2013-02-18,0000001172,36659093
2013-02-19,0000001173,89719232
2013-02-20,0000001174,28752538
2013-02-21,0000001175,77397967
2013-02-22,0000001176,35463791
2013-02-23,0000001177,95843255
2013-02-24,0000001178,49528224
2013-02-25,0000001179,73890948
2013-02-26,0000001180,10697152
2013-02-27,0000001181,54680825
2013-02-28,0000001182,07569049
2013-03-01,0000001183,54625058
2013-03-02,0000001184,05196976
2013-03-03,0000001185,98833229
2013-03-04,0000001186,05721527
2013-03-05,0000001187,28326914
2013-03-06,0000001188,83962173
2013-03-07,0000001189,35608498
2013-03-08,0000001190,19324963
2013-03-09,0000001191,07740090
2013-03-09,0000001192,39676797
2013-03-10,0000001193,55061392
2013-03-11,0000001194,78548173
2013-03-12,0000001195,68548725
2013-03-13,0000001196,46533538
2013-03-13,0000001197,09679697
2013-03-14,0000001198,55982742
2013-03-15,0000001199,16322764
2013-03-16,0000001200,88191888
2013-03-17,0000001201,00030625
2013-03-18,0000001202,90148194
2013-03-19,0000001203,67732238
2013-03-20,0000001204,83372796
2013-03-21,0000001205,98107728
2013-03-22,0000001206,05884795
2013-03-23,0000001207,83930644
2013-03-24,0000001208,88326552
2013-03-25,0000001209,62733847
2013-03-26,0000001210,80062180
2013-03-27,0000001211,44444515
2013-03-28,0000001212,85121456
2013-03-29,0000001213,93095924
2013-03-30,0000001214,81948831
2013-03-31,0000001215,31932274
2013-04-01,0000001216,94212944
2013-04-02,0000001217,46545096
2013-04-03,0000001218,27833162
2013-04-04,0000001219,19231313
2013-04-05,0000001220,68677409
2013-04-06,0000001221,31789373
2013-04-07,0000001222,23610432
2013-04-08,0000001223,70310085
2013-04-09,0000001224,93767019
2013-04-10,0000001225,58050906
2013-04-11,0000001226,55982742
2013-04-12,0000001227,96941296
2013-04-13,0000001228,82023625
2013-04-14,0000001229,17984201
2013-04-15,0000001230,71174082
2013-04-16,0000001231,05057444
2013-04-17,0000001232,03576588
2013-04-18,0000001233,63242052
2013-04-19,0000001234,31830598
2013-04-20,0000001235,46545096
2013-04-21,0000001236,38540530
2013-04-22,0000001237,39274909
2013-04-23,0000001238,29939622
2013-04-24,0000001239,80275692
2013-04-25,0000001240,12562275
2013-04-26,0000001241,38768145
2013-04-27,0000001242,64373385
2013-04-27,0000001243,10302629
2013-04-28,0000001244,47490583
2013-04-29,0000001245,63283295
2013-04-30,0000001246,23777632
2013-05-01,0000001247,59920468
2013-05-02,0000001248,59875222
2013-05-03,0000001249,03063103
2013-05-04,0000001250,86486602
2013-05-05,0000001251,04373953
2013-05-06,0000001252,76239539
2013-05-07,0000001253,08559820
2013-05-08,0000001254,40126016
2013-05-09,0000001255,28716630
2013-05-10,0000001256,19479496
2013-05-11,0000001257,83716714
2013-05-12,0000001258,55556011
2013-05-13,0000001259,96339218
2013-05-14,0000001260,45348140
2013-05-15,0000001261,17783333
2013-05-16,0000001262,57023524
2013-05-17,0000001263,20109606
2013-05-18,0000001264,45559700
2013-05-19,0000001265,36852459
2013-05-20,0000001266,97946701
2013-05-21,0000001267,54909367
2013-05-22,0000001268,91346827
2013-05-23,0000001269,46787587
2013-05-24,0000001270,32669835
2013-05-25,0000001271,08761173
2013-05-26,0000001272,32531951
2013-05-27,0000001273,69480216
2013-05-28,0000001274,98833229
2013-05-29,0000001275,98234260
2013-05-30,0000001276,14059738
2013-05-31,0000001277,83888944
2013-06-01,0000001278,03849667
2013-06-02,0000001279,40937027
2013-06-03,0000001280,15948475
2013-06-04,0000001281,05830620
2013-06-05,0000001282,71441995
2013-06-06,0000001283,55571284
2013-06-07,0000001284,26159229
2013-06-08,0000001285,49049938
2013-06-09,0000001286,33886611
2013-06-10,0000001287,00573404
2013-06-11,0000001288,67411720
2013-06-12,0000001289,94624038
2013-06-13,0000001290,62869151
2013-06-14,0000001291,55556011
2013-06-15,0000001292,98435149
2013-06-16,0000001293,05273775
2013-06-17,0000001294,79233001
2013-06-18,0000001295,99577484
2013-06-19,0000001296,49641076
2013-06-20,0000001297,09415292
2013-06-21,0000001298,03849667
2013-06-22,0000001299,08880448
2013-06-23,0000001300,62733847
2013-06-24,0000001301,69765753
2013-06-25,0000001302,50865319
2013-06-26,0000001303,29701843
2013-06-27,0000001304,01289515
2013-06-28,0000001305,97265336
2013-06-28,0000001306,36852459
2013-06-29,0000001307,48208830
2013-06-30,0000001308,85208188
2013-07-01,0000001309,95633573
2013-07-02,0000001310,38834734
2013-07-02,0000001311,35531927
2013-07-03,0000001312,81908691
2013-07-04,0000001313,98391185
2013-07-05,0000001314,39653755
2013-07-06,0000001315,74927928
2013-07-07,0000001316,13643552
2013-07-08,0000001317,13643552
2013-07-09,0000001318,68084235
2013-07-10,0000001319,92496558
2013-07-11,0000001320,22485243
2013-07-12,0000001321,09314319
2013-07-13,0000001322,28731592
2013-07-14,0000001323,13688511
2013-07-15,0000001324,59348998
2013-07-16,0000001325,38857488
2013-07-17,0000001326,52525842
2013-07-18,0000001327,82489027
2013-07-19,0000001328,34723374
2013-07-20,0000001329,94610098
2013-07-21,0000001330,56089225
2013-07-22,0000001331,92552376
2013-07-23,0000001332,67267410
2013-07-24,0000001333,04541598
2013-07-25,0000001334,13272697
2013-07-26,0000001335,66016081
2013-07-27,0000001336,14497663
2013-07-28,0000001337,22679114
2013-07-29,0000001338,78564706
2013-07-30,0000001339,82349085
2013-07-31,0000001340,45163312
2013-08-01,0000001341,51145621
2013-08-02,0000001342,65901997
2013-08-03,0000001343,73847681
2013-08-04,0000001344,10513915
2013-08-05,0000001345,25499412
2013-08-06,0000001346,99462010
2013-08-07,0000001347,54625058
2013-08-08,0000001348,32833057
2013-08-09,0000001349,72334820
2013-08-10,0000001350,32541597
2013-08-11,0000001351,88266335
2013-08-12,0000001352,93165616
2013-08-13,0000001353,98234260
2013-08-14,0000001354,67872712
2013-08-15,0000001355,24538413
2013-08-16,0000001356,57364817
2013-08-17,0000001357,82346705
2013-08-18,0000001358,75511970
2013-08-19,0000001359,52866664
2013-08-20,0000001360,90324123
2013-08-21,0000001361,50203477
2013-08-22,0000001362,84862981
2013-08-23,0000001363,34320242
2013-08-24,0000001364,20554892
2013-08-25,0000001365,03950560
2013-08-26,0000001366,96941296
2013-08-27,0000001367,93174745
2013-08-28,0000001368,31932274
2013-08-29,0000001369,69804008
2013-08-30,0000001370,64789566
2013-08-31,0000001371,75540597
2013-09-01,0000001372,59190892
2013-09-02,0000001373,27199765
2013-09-03,0000001374,56009788
2013-09-04,0000001375,32737958
2013-09-05,0000001376,22794153
2013-09-06,0000001377,98870401
2013-09-07,0000001378,31311396
2013-09-08,0000001379,08880448
2013-09-09,0000001380,65992130
2013-09-10,0000001381,03672705
2013-09-11,0000001382,43883805
2013-09-12,0000001383,72709352
2013-09-13,0000001384,66909660
2013-09-14,0000001385,60675339
2013-09-15,0000001386,09415292
2013-09-16,0000001387,58127138
2013-09-17,0000001388,13861803
2013-09-18,0000001389,05133287
2013-09-19,0000001390,63708793
2013-09-20,0000001391,26508465
2013-09-21,0000001392,22316492
2013-09-22,0000001393,50913135
2013-09-23,0000001394,85567142
2013-09-24,0000001395,30561846
2013-09-25,0000001396,59026449
2013-09-26,0000001397,63708793
2013-09-27,0000001398,82025773
2013-09-28,0000001399,99256334
2013-09-29,0000001400,33780107
2013-09-30,0000001401,39475032
2013-10-01,0000001402,20321749
2013-10-02,0000001403,03395467
2013-10-03,0000001404,90969347
2013-10-04,0000001405,40343594
2013-10-05,0000001406,57364817
2013-10-06,0000001407,30965292
2013-10-07,0000001408,24057171
2013-10-08,0000001409,71612300
2013-10-09,0000001410,24386478
2013-10-10,0000001411,18865182
2013-10-11,0000001412,94741783
2013-10-12,0000001413,62899972
2013-10-13,0000001414,30041838
2013-10-14,0000001415,59920468
2013-10-15,0000001416,40343594
2013-10-15,0000001417,31311396
2013-10-16,0000001418,19052991
2013-10-17,0000001419,46635783
2013-10-18,0000001420,14267208
2013-10-19,0000001421,13430683
2013-10-20,0000001422,02731827
2013-10-21,0000001423,06317212
2013-10-22,0000001424,30041838
2013-10-23,0000001425,92350504
2013-10-24,0000001426,60792939
2013-10-25,0000001427,94511236
2013-10-26,0000001428,74927928
2013-10-27,0000001429,23056074
2013-10-28,0000001430,73839757
2013-10-29,0000001431,33665308
2013-10-30,0000001432,18592086
2013-10-31,0000001433,82457579
2013-11-01,0000001434,01905045
2013-11-02,0000001435,88833465
2013-11-03,0000001436,75866859
2013-11-04,0000001437,14109378
2013-11-05,0000001438,00254791
2013-11-06,0000001439,32541597
2013-11-07,0000001440,36597528
2013-11-08,0000001441,17372400
2013-11-09,0000001442,59452825
2013-11-10,0000001443,57023524
2013-11-11,0000001444,81688363
2013-11-12,0000001445,87601164
2013-11-13,0000001446,62899972
2013-11-14,0000001447,26738851
2013-11-15,0000001448,78685379
2013-11-16,0000001449,83461978
2013-11-17,0000001450,77175081
2013-11-18,0000001451,39653755
2013-11-19,0000001452,19721036
2013-11-20,0000001453,70079562
2013-11-21,0000001454,29163103
2013-11-22,0000001455,90132893
2013-11-22,0000001456,23811537
2013-11-23,0000001457,69283250
2013-11-24,0000001458,63591769
2013-11-25,0000001459,85161771
2013-11-26,0000001460,68184498
2013-11-27,0000001461,30888564
2013-11-28,0000001462,83888944
2013-11-29,0000001463,13869388
2013-11-30,0000001464,15071456
2013-12-01,0000001465,14109378
2013-12-02,0000001466,71925645
2013-12-03,0000001467,98561410
2013-12-04,0000001468,01905045
2013-12-05,0000001469,96363930
2013-12-05,0000001470,30650068
2013-12-06,0000001471,42842139
2013-12-07,0000001472,93064017
2013-12-08,0000001473,33732860
2013-12-09,0000001474,11324866
2013-12-10,0000001475,48750155
2013-12-11,0000001476,44649616
2013-12-12,0000001477,69116927
2013-12-13,0000001478,68799845
2013-12-14,0000001479,23762180
2013-12-15,0000001480,99664559
2013-12-16,0000001481,87704380
2013-12-17,0000001482,92350504
2013-12-18,0000001483,88266335
2013-12-19,0000001484,22485243
2013-12-20,0000001485,31932274
2013-12-21,0000001486,85209508
2013-12-22,0000001487,83716714
2013-12-23,0000001488,20769480
2013-12-24,0000001489,69365186
2013-12-25,0000001490,16404956
2013-12-26,0000001491,82540285
2013-12-27,0000001492,53386032
2013-12-28,0000001493,29201041
2013-12-29,0000001494,65934176
2013-12-30,0000001495,90324123
2013-12-31,0000001496,73861772
2014-01-01,0000001497,79635437
2014-01-02,0000001498,57976977
2014-01-03,0000001499,69154409
2014-01-04,0000001500,91259529
2014-01-05,0000001501,09502171
2014-01-06,0000001502,55422654
2014-01-07,0000001503,32509041
2014-01-08,0000001504,85209508
2014-01-09,0000001505,35024161
2014-01-10,0000001506,37341244
2014-01-11,0000001507,15573911
2014-01-12,0000001508,34723374
2014-01-13,0000001509,88992806
2014-01-14,0000001510,78766659
2014-01-15,0000001511,13630881
2014-01-16,0000001512,16012008
2014-01-17,0000001513,01712896
2014-01-18,0000001514,58770611
2014-01-19,0000001515,12870974
2014-01-20,0000001516,85208188
2014-01-21,0000001517,98435149
2014-01-22,0000001518,88137490
2014-01-23,0000001519,27230087
2014-01-24,0000001520,75672728
2014-01-25,0000001521,69116927
2014-01-26,0000001522,99856101
2014-01-27,0000001523,75511970
2014-01-27,0000001524,78766659
2014-01-28,0000001525,94713779
2014-01-29,0000001526,93110636
2014-01-30,0000001527,34658080
2014-01-31,0000001528,21300998
2014-02-01,0000001529,33082380
2014-02-02,0000001530,07120398
2014-02-03,0000001531,41493948
2014-02-04,0000001532,30561846
2014-02-05,0000001533,17767234
2014-02-06,0000001534,22514635
2014-02-07,0000001535,25292223
2014-02-08,0000001536,22514635
2014-02-09,0000001537,03073302
2014-02-10,0000001538,60449335
2014-02-11,0000001539,32130771
2014-02-12,0000001540,05719660
2014-02-13,0000001541,40353165
2014-02-14,0000001542,30337664
2014-02-15,0000001543,40353165
2014-02-16,0000001544,69802744
2014-02-17,0000001545,08636799
2014-02-18,0000001546,73363124
2014-02-19,0000001547,90132893
2014-02-20,0000001548,32737958
2014-02-21,0000001549,00746108
2014-02-22,0000001550,71284007
2014-02-23,0000001551,41250712
2014-02-24,0000001552,45832852
2014-02-25,0000001553,13475152
2014-02-26,0000001554,39854186
2014-02-27,0000001555,99606006
2014-02-28,0000001556,22886602
2014-03-01,0000001557,33214214
2014-03-02,0000001558,04780924
2014-03-03,0000001559,22886602
2014-03-04,0000001560,01905045
2014-03-05,0000001561,88137490
2014-03-05,0000001562,07740090
2014-03-06,0000001563,26321062
2014-03-07,0000001564,24457537
2014-03-08,0000001565,20439220
2014-03-09,0000001566,43543557
2014-03-10,0000001567,81273988
2014-03-11,0000001568,52462892
2014-03-12,0000001569,33082380
2014-03-13,0000001570,11970177
2014-03-14,0000001571,88992806
2014-03-15,0000001572,96702952
2014-03-16,0000001573,45163312
2014-03-17,0000001574,40937027
2014-03-18,0000001575,16981772
2014-03-19,0000001576,92057578
2014-03-20,0000001577,72334820
2014-03-21,0000001578,96270326
2014-03-22,0000001579,31311396
2014-03-23,0000001580,71677481
2014-03-24,0000001581,28867985
2014-03-25,0000001582,09222932
2014-03-26,0000001583,97316281
2014-03-27,0000001584,03063103
2014-03-28,0000001585,76249533
2014-03-29,0000001586,69488592
2014-03-30,0000001587,07450604
2014-03-31,0000001588,28716630
2014-04-01,0000001589,59913279
2014-04-02,0000001590,46533538
2014-04-03,0000001591,68799845
2014-04-04,0000001592,06515930
2014-04-05,0000001593,30211472
2014-04-06,0000001594,96702952
2014-04-07,0000001595,90949835
2014-04-08,0000001596,96995726
2014-04-09,0000001597,39676797
2014-04-10,0000001598,36861184
2014-04-11,0000001599,99108098
2014-04-12,0000001600,22878417
2014-04-13,0000001601,33214214
2014-04-14,0000001602,69283250
2014-04-15,0000001603,73889021
2014-04-16,0000001604,48750155
2014-04-17,0000001605,52834786
2014-04-18,0000001606,75681320
2014-04-19,0000001607,40390559
2014-04-20,0000001608,76047291
2014-04-21,0000001609,89823824
2014-04-22,0000001610,68676540
2014-04-23,0000001611,07569049
2014-04-24,0000001612,59875222
2014-04-25,0000001613,45976249
2014-04-26,0000001614,67267410
2014-04-27,0000001615,88296993
2014-04-28,0000001616,31381479
2014-04-29,0000001617,94434568
2014-04-30,0000001618,59122062
2014-05-01,0000001619,73363124
2014-05-02,0000001620,45659540
2014-05-03,0000001621,31311396
2014-05-04,0000001622,56911549
2014-05-05,0000001623,86039133
2014-05-06,0000001624,98668316
2014-05-07,0000001625,69342200
2014-05-08,0000001626,90148194
2014-05-09,0000001627,64674663
2014-05-10,0000001628,36852459
2014-05-11,0000001629,71375462
2014-05-12,0000001630,42150456
2014-05-13,0000001631,83372796
2014-05-14,0000001632,08453397
2014-05-15,0000001633,17865149
2014-05-16,0000001634,36736368
2014-05-17,0000001635,dni
2014-05-18,0000001636,50777453
2014-05-19,0000001637,85475379
2014-05-20,0000001638,59348998
2014-05-20,0000001639,39793616
2014-05-21,0000001640,28911064
2014-05-22,0000001641,96339218
2014-05-23,0000001642,97472473
2014-05-24,0000001643,34723374
2014-05-25,0000001644,46635783
2014-05-26,0000001645,35339748
2014-05-27,0000001646,07946990
2014-05-28,0000001647,09679697
2014-05-29,0000001648,96941296
2014-05-30,0000001649,91746217
2014-05-31,0000001650,23581299
2014-06-01,0000001651,40167198
2014-06-02,0000001652,86566838
2014-06-03,0000001653,97861544
2014-06-04,0000001654,12870974
2014-06-05,0000001655,28326914
2014-06-06,0000001656,55343081
2014-06-07,0000001657,67731801
2014-06-08,0000001658,64735861
2014-06-09,0000001659,91271580
2014-06-10,0000001660,85475379
2014-06-11,0000001661,94461096
2014-06-12,0000001662,94434568
2014-06-13,0000001663,17757940
2014-06-14,0000001664,06929266
2014-06-15,0000001665,83218541
2014-06-16,0000001666,60317245
2014-06-17,0000001667,64072032
2014-06-18,0000001668,18580046
2014-06-19,0000001669,78999689
2014-06-20,0000001670,10302629
2014-06-21,0000001671,88943848
2014-06-22,0000001672,26730521
2014-06-23,0000001673,88296993
2014-06-24,0000001674,55061392
2014-06-25,0000001675,92271225
2014-06-26,0000001676,78859386
2014-06-27,0000001677,06929266
2014-06-28,0000001678,27230087
2014-06-29,0000001679,09415292
2014-06-30,0000001680,53386032
2014-07-01,0000001681,54909367
2014-07-02,0000001682,83898012
2014-07-03,0000001683,55044250
2014-07-04,0000001684,44564565
2014-07-05,0000001685,75458603
2014-07-06,0000001686,77335722
2014-07-07,0000001687,18507198
2014-07-08,0000001688,59970022
2014-07-09,0000001689,68677409
2014-07-10,0000001690,60364623
2014-07-11,0000001691,09222932
2014-07-12,0000001692,91281142
2014-07-13,0000001693,00499975
2014-07-14,0000001694,39793616
2014-07-15,0000001695,04595889
2014-07-16,0000001696,66272936
2014-07-17,0000001697,80878577
2014-07-18,0000001698,60317245
2014-07-19,0000001699,48484186
2014-07-20,0000001700,48038642
2014-07-21,0000001701,11666700
2014-07-22,0000001702,56911549
2014-07-23,0000001703,36956802
2014-07-24,0000001704,24386478
2014-07-25,0000001705,62256788
2014-07-26,0000001706,83122118
2014-07-27,0000001707,59026449
2014-07-28,0000001708,50424477
2014-07-29,0000001709,75866859
2014-07-30,0000001710,32669835
2014-07-31,0000001711,01905045
2014-08-01,0000001712,48208830
2014-08-02,0000001713,98426020
2014-08-03,0000001714,15573911
2014-08-04,0000001715,94777467
2014-08-05,0000001716,52866664
2014-08-06,0000001717,78191629
2014-08-07,0000001718,57976977
2014-08-08,0000001719,53782300
2014-08-09,0000001720,98438869
2014-08-10,0000001721,75447562
2014-08-11,0000001722,02310807
2014-08-12,0000001723,10271561
2014-08-13,0000001724,44713841
2014-08-14,0000001725,36157388
2014-08-15,0000001726,43450172
2014-08-16,0000001727,32531951
2014-08-17,0000001728,15948475
2014-08-18,0000001729,37341244
2014-08-19,0000001730,29746025
2014-08-20,0000001731,77931477
2014-08-21,0000001732,13799912
2014-08-22,0000001733,65022915
2014-08-23,0000001734,90132893
2014-08-24,0000001735,37929133
2014-08-25,0000001736,77175081
2014-08-26,0000001737,26061495
2014-08-27,0000001738,75507634
2014-08-28,0000001739,88844694
2014-08-29,0000001740,18592086
2014-08-30,0000001741,45440104
2014-08-31,0000001742,81257061
2014-09-01,0000001743,09621334
2014-09-02,0000001744,21529117
2014-09-03,0000001745,10271561
2014-09-04,0000001746,28525854
2014-09-05,0000001747,59359314
2014-09-06,0000001748,07569049
2014-09-07,0000001749,03943407
2014-09-08,0000001750,26730521
2014-09-09,0000001751,46545096
2014-09-10,0000001752,96941296
2014-09-11,0000001753,03921233
2014-09-12,0000001754,20259365
2014-09-13,0000001755,08140001
2014-09-14,0000001756,30984708
2014-09-15,0000001757,13643552
2014-09-16,0000001758,14267208
2014-09-17,0000001759,05318485
2014-09-17,0000001760,97265336
2014-09-18,0000001761,53782300
2014-09-19,0000001762,14497663
2014-09-20,0000001763,01707767
2014-09-21,0000001764,65934176
2014-09-22,0000001765,03589048
2014-09-23,0000001766,19336811
2014-09-24,0000001767,65745321
2014-09-25,0000001768,81809067
2014-09-26,0000001769,22650844
2014-09-27,0000001770,59359314
2014-09-28,0000001771,26738851
2014-09-29,0000001772,09172955
2014-09-30,0000001773,28678334
2014-10-01,0000001774,21117580
2014-10-02,0000001775,82540285
2014-10-03,0000001776,57364817
2014-10-04,0000001777,13799912
2014-10-05,0000001778,54680825
2014-10-06,0000001779,59026449
2014-10-07,0000001780,36157388
2014-10-08,0000001781,10302629
2014-10-09,0000001782,08634306
2014-10-10,0000001783,45348140
2014-10-11,0000001784,60924484
2014-10-12,0000001785,39878138
2014-10-13,0000001786,05242551
2014-10-14,0000001787,56288740
2014-10-15,0000001788,93110636
2014-10-16,0000001789,62899972
2014-10-17,0000001790,78398330
2014-10-17,0000001791,87844314
2014-10-18,0000001792,32955035
2014-10-19,0000001793,18348821
2014-10-20,0000001794,30650068
2014-10-21,0000001795,29548825
2014-10-22,0000001796,59913279
2014-10-23,0000001797,67741305
2014-10-24,0000001798,98870401
2014-10-25,0000001799,84064088
2014-10-26,0000001800,00185742
2014-10-27,0000001801,96956738
2014-10-28,0000001802,69488592
2014-10-29,0000001803,83122118
2014-10-30,0000001804,72106731
2014-10-30,0000001805,06247672
2014-10-31,0000001806,86269559
2014-11-01,0000001807,50913135
2014-11-02,0000001808,30041838
2014-11-03,0000001809,75447562
2014-11-04,0000001810,81948831
2014-11-05,0000001811,00573404
2014-11-06,0000001812,99256334
2014-11-07,0000001813,79984015
2014-11-08,0000001814,95870669
2014-11-09,0000001815,36736368
2014-11-10,0000001816,97814560
2014-11-11,0000001817,66650275
2014-11-12,0000001818,90969347
2014-11-13,0000001819,13799912
2014-11-14,0000001820,58908293
2014-11-15,0000001821,45559700
2014-11-16,0000001822,09591241
2014-11-17,0000001823,04450382
2014-11-18,0000001824,17298678
2014-11-19,0000001825,43812528
2014-11-20,0000001826,32531951
2014-11-21,0000001827,88106109
2014-11-22,0000001828,52739559
2014-11-23,0000001829,66877186
2014-11-24,0000001830,45659540
2014-11-25,0000001831,30489508
2014-11-26,0000001832,38056374
2014-11-27,0000001833,26735426
2014-11-28,0000001834,65362043
2014-11-29,0000001835,11277990
2014-11-30,0000001836,75605070
2014-12-01,0000001837,47490583
2014-12-02,0000001838,56911549
2014-12-03,0000001839,03073302
2014-12-04,0000001840,33886611
2014-12-05,0000001841,26766246
2014-12-06,0000001842,31574919
2014-12-07,0000001843,98438869
2014-12-08,0000001844,00153300
2014-12-09,0000001845,55343081
2014-12-10,0000001846,26709627
2014-12-11,0000001847,33732860
2014-12-12,0000001848,23409465
2014-12-13,0000001849,86486602
2014-12-14,0000001850,81255831
2014-12-15,0000001851,36956802
2014-12-16,0000001852,56009788
2014-12-17,0000001853,49793243
2014-12-18,0000001854,93507095
2014-12-19,0000001855,22392442
2014-12-20,0000001856,40072635
2014-12-21,0000001857,64812564
2014-12-22,0000001858,72976933
2014-12-23,0000001859,51391984
2014-12-24,0000001860,72709352
2014-12-25,0000001861,02409107
2014-12-26,0000001862,59190892
2014-12-27,0000001863,42842139
2014-12-28,0000001864,05397487
2014-12-29,0000001865,79152574
2014-12-30,0000001866,17143401
2014-12-31,0000001867,89690028
2015-01-01,0000001868,71441995
2015-01-02,0000001869,74927928
2015-01-03,0000001870,93064017
2015-01-04,0000001871,43371377
2015-01-05,0000001872,64153401
2015-01-06,0000001873,26061495
2015-01-07,0000001874,54395133
2015-01-08,0000001875,97233152
2015-01-09,0000001876,04554962
2015-01-10,0000001877,23763354
2015-01-11,0000001878,45750381
2015-01-12,0000001879,68990429
2015-01-13,0000001880,82232422
2015-01-14,0000001881,16981772
2015-01-15,0000001882,99432604
2015-01-16,0000001883,07454040
2015-01-17,0000001884,29746025
2015-01-18,0000001885,62341116
2015-01-19,0000001886,13442056
2015-01-20,0000001887,96995726
2015-01-21,0000001888,37027383
2015-01-22,0000001889,28326914
2015-01-23,0000001890,04920233
2015-01-24,0000001891,05884795
2015-01-25,0000001892,23992170
2015-01-26,0000001893,94737191
2015-01-27,0000001894,68952113
2015-01-28,0000001895,41250712
2015-01-29,0000001896,26709627
2015-01-30,0000001897,82232422
2015-01-31,0000001898,78171304
2015-02-01,0000001899,20036767
2015-02-02,0000001900,92057578
2015-02-03,0000001901,73847681
2015-02-04,0000001902,51280577
2015-02-04,0000001903,13441511
2015-02-05,0000001904,13298781
2015-02-06,0000001905,71677481
2015-02-07,0000001906,40072635
2015-02-08,0000001907,01744577
2015-02-09,0000001908,90138139
2015-02-10,0000001909,86566838
2015-02-11,0000001910,16968368
2015-02-12,0000001911,03576588
2015-02-13,0000001912,59875222
2015-02-14,0000001913,56482198
2015-02-15,0000001914,64610554
2015-02-16,0000001915,42794553
2015-02-17,0000001916,75511970
2015-02-18,0000001917,33872149
2015-02-19,0000001918,08559820
2015-02-19,0000001919,16515123
2015-02-20,0000001920,42915360
2015-02-21,0000001921,32977587
2015-02-22,0000001922,09621334
2015-02-23,0000001923,71652728
2015-02-24,0000001924,32785529
2015-02-25,0000001925,95539522
2015-02-26,0000001926,23762180
2015-02-27,0000001927,15968265
2015-02-28,0000001928,82232422
2015-03-01,0000001929,93834917
2015-03-02,0000001930,96275849
2015-03-03,0000001931,35339748
2015-03-04,0000001932,47887300
2015-03-05,0000001933,96090441
2015-03-06,0000001934,52127903
2015-03-07,0000001935,97514741
2015-03-08,0000001936,07579367
2015-03-09,0000001937,36597528
2015-03-10,0000001938,30512992
2015-03-11,0000001939,59117651
2015-03-12,0000001940,19721036
2015-03-13,0000001941,80275692
2015-03-14,0000001942,51900787
2015-03-15,0000001943,82349085
2015-03-16,0000001944,42602894
2015-03-17,0000001945,22537041
2015-03-18,0000001946,35531927
2015-03-19,0000001947,28731592
2015-03-20,0000001948,31932274
2015-03-21,0000001949,29828000
2015-03-22,0000001950,32453039
2015-03-23,0000001951,02777034
2015-03-24,0000001952,90816182
2015-03-25,0000001953,26321062
2015-03-26,0000001954,59875222
2015-03-27,0000001955,75605070
2015-03-28,0000001956,37929133
2015-03-29,0000001957,14003990
2015-03-30,0000001958,87654604
2015-03-31,0000001959,90969347
2015-04-01,0000001960,55176227
2015-04-01,0000001961,03672705
2015-04-02,0000001962,51555682
2015-04-03,0000001963,76249533
2015-04-04,0000001964,65745321
2015-04-05,0000001965,98668316
2015-04-06,0000001966,35024161
2015-04-07,0000001967,69804008
2015-04-08,0000001968,70017686
2015-04-09,0000001969,52462892
2015-04-10,0000001970,97240490
2015-04-11,0000001971,38060179
2015-04-11,0000001972,85790898
2015-04-12,0000001973,64735861
2015-04-13,0000001974,30512992
2015-04-14,0000001975,17768994
2015-04-15,0000001976,37684580
2015-04-16,0000001977,86738937
2015-04-17,0000001978,19479496
2015-04-18,0000001979,25127053
2015-04-19,0000001980,54625058
2015-04-20,0000001981,16898280
2015-04-21,0000001982,83122118
2015-04-22,0000001983,96585023
2015-04-23,0000001984,05074410
2015-04-24,0000001985,32234110
2015-04-25,0000001986,71844137
2015-04-26,0000001987,23461580
2015-04-27,0000001988,24307805
2015-04-28,0000001989,49813378
2015-04-29,0000001990,88106109
2015-04-30,0000001991,94511236
2015-05-01,0000001992,54998198
2015-05-02,0000001993,50913135
2015-05-03,0000001994,32955035
2015-05-04,0000001995,66016081
2015-05-05,0000001996,97240490
2015-05-06,0000001997,86269559
2015-05-07,0000001998,13869388
2015-05-08,0000001999,89807831
2015-05-09,0000002000,23576760
2015-05-10,0000002001,56009788
2015-05-11,0000002002,93110636
2015-05-12,0000002003,07454040
2015-05-13,0000002004,77666483
2015-05-14,0000002005,17783333
2015-05-15,0000002006,62885522
2015-05-16,0000002007,93095924
2015-05-17,0000002008,84862981
2015-05-18,0000002009,68990429
2015-05-19,0000002010,56832510
2015-05-20,0000002011,50865319
2015-05-21,0000002012,10513915
2015-05-22,0000002013,82470125
2015-05-23,0000002014,51168125
2015-05-24,0000002015,70017686
2015-05-25,0000002016,61520262
2015-05-26,0000002017,30337664
2015-05-27,0000002018,98426020
2015-05-28,0000002019,13272697
2015-05-29,0000002020,24927141
2015-05-30,0000002021,05196976
2015-05-31,0000002022,87376756
2015-06-01,0000002023,28678334
2015-06-02,0000002024,76047291
2015-06-03,0000002025,54406882
2015-06-04,0000002026,04373953
2015-06-05,0000002027,04254763
2015-06-06,0000002028,94212944
2015-06-07,0000002029,20983932
2015-06-08,0000002030,29201041
2015-06-08,0000002031,50720950
2015-06-09,0000002032,99577484
2015-06-10,0000002033,11277990
2015-06-10,0000002034,65934176
2015-06-11,0000002035,04161813
2015-06-12,0000002036,50203477
2015-06-13,0000002037,24284271
2015-06-14,0000002038,61901691
2015-06-15,0000002039,60558896
2015-06-16,0000002040,04227288
2015-06-17,0000002041,45348140
2015-06-18,0000002042,40201793
2015-06-19,0000002043,52525842
2015-06-19,0000002044,77478938
2015-06-20,0000002045,97602549
2015-06-21,0000002046,98391185
2015-06-22,0000002047,50777453
2015-06-23,0000002048,53098400
2015-06-24,0000002049,83898012
2015-06-25,0000002050,30984708
2015-06-26,0000002051,16322764
2015-06-27,0000002052,61569878
2015-06-28,0000002053,86231058
2015-06-29,0000002054,45272936
2015-06-30,0000002055,64373385
2015-07-01,0000002056,13441511
2015-07-02,0000002057,11799896
2015-07-03,0000002058,68512430
2015-07-04,0000002059,48687627
2015-07-05,0000002060,82025773
2015-07-06,0000002061,15613033
2015-07-07,0000002062,11324866
2015-07-08,0000002063,44861457
2015-07-09,0000002064,69342200
2015-07-10,0000002065,56529511
2015-07-11,0000002066,45750381
2015-07-12,0000002067,88844694
2015-07-13,0000002068,29201041
2015-07-14,0000002069,59301341
2015-07-15,0000002070,19479496
2015-07-16,0000002071,73839757
2015-07-17,0000002072,59401854
2015-07-18,0000002073,75447562
2015-07-19,0000002074,62869151
2015-07-20,0000002075,07125157
2015-07-21,0000002076,05074410
2015-07-22,0000002077,22650844
2015-07-23,0000002078,51398814
2015-07-24,0000002079,49793243
2015-07-25,0000002080,45460306
2015-07-26,0000002081,84514978
2015-07-27,0000002082,50718830
2015-07-28,0000002083,61569878
2015-07-29,0000002084,98497822
2015-07-30,0000002085,17864013
2015-07-31,0000002086,85161771
2015-08-01,0000002087,11291663
2015-08-02,0000002088,96956738
2015-08-03,0000002089,23098472
2015-08-04,0000002090,56240711
2015-08-05,0000002091,84862981
2015-08-06,0000002092,09502171
2015-08-07,0000002093,73861772
2015-08-08,0000002094,39878138
2015-08-08,0000002095,51145621
2015-08-09,0000002096,07779131
2015-08-10,0000002097,dni
2015-08-11,0000002098,10069593
2015-08-12,0000002099,70940349
2015-08-13,0000002100,07740090
2015-08-14,0000002101,27694415
2015-08-15,0000002102,06929266
2015-08-16,0000002103,18348821
2015-08-17,0000002104,36293208
2015-08-18,0000002105,01167903
2015-08-19,0000002106,58840331
2015-08-20,0000002107,26547348
2015-08-21,0000002108,65362043
2015-08-22,0000002109,29939622
2015-08-23,0000002110,11546851
2015-08-24,0000002111,67741305
2015-08-25,0000002112,94453387
2015-08-26,0000002113,94741783
2015-08-27,0000002114,82489027
2015-08-28,0000002115,72242227
2015-08-29,0000002116,22159592
2015-08-30,0000002117,98288550
2015-08-31,0000002118,75681320
2015-09-01,0000002119,22679114
2015-09-02,0000002120,58840331
2015-09-03,0000002121,03589048
2015-09-04,0000002122,61289855
2015-09-05,0000002123,31883902
2015-09-06,0000002124,28525854
2015-09-07,0000002125,32060657
2015-09-08,0000002126,30337664
2015-09-09,0000002127,05397487
2015-09-10,0000002128,00746108
2015-09-11,0000002129,63645861
2015-09-12,0000002130,65902194
2015-09-13,0000002131,34220115
2015-09-14,0000002132,02100042
2015-09-15,0000002133,27644559
2015-09-16,0000002134,15510616
2015-09-17,0000002135,17864013
2015-09-18,0000002136,86039133
2015-09-19,0000002137,18085356
2015-09-20,0000002138,29760672
2015-09-21,0000002139,13475152
2015-09-22,0000002140,27728984
2015-09-23,0000002141,85790898
2015-09-24,0000002142,53782300
2015-09-25,0000002143,07168874
2015-09-26,0000002144,73847681
2015-09-27,0000002145,40072635
2015-09-28,0000002146,02777034
2015-09-29,0000002147,32453039
2015-09-30,0000002148,27797867
2015-10-01,0000002149,22751691
2015-10-02,0000002150,51906328
2015-10-03,0000002151,05719660
2015-10-04,0000002152,54774834
2015-10-05,0000002153,96275849
2015-10-06,0000002154,93315478
2015-10-07,0000002155,11970177
2015-10-08,0000002156,34890993
2015-10-09,0000002157,37027383
2015-10-10,0000002158,36830211
2015-10-11,0000002159,96363930
2015-10-12,0000002160,37027383
2015-10-13,0000002161,89059926
2015-10-14,0000002162,09055424
2015-10-15,0000002163,35463791
2015-10-16,0000002164,14339627
2015-10-17,0000002165,89114762
2015-10-18,0000002166,90949835
2015-10-19,0000002167,35608498
2015-10-20,0000002168,97814560
2015-10-21,0000002169,00030625
2015-10-22,0000002170,75313636
2015-10-23,0000002171,77931477
2015-10-24,0000002172,81011732
2015-10-25,0000002173,43782821
2015-10-26,0000002174,20983932
2015-10-27,0000002175,65902194
2015-10-28,0000002176,22878417
2015-10-29,0000002177,91390968
2015-10-30,0000002178,09055424
2015-10-31,0000002179,34772771
2015-11-01,0000002180,37027383
2015-11-02,0000002181,03975466
2015-11-03,0000002182,59490672
2015-11-04,0000002183,44713841
2015-11-05,0000002184,05005148
2015-11-06,0000002185,97316281
2015-11-07,0000002186,17298678
2015-11-08,0000002187,37796177
2015-11-08,0000002188,78685379
2015-11-09,0000002189,32602485
2015-11-10,0000002190,03681169
2015-11-11,0000002191,94737191
2015-11-12,0000002192,22650844
2015-11-13,0000002193,78125145
2015-11-14,0000002194,34220115
2015-11-15,0000002195,00254791
2015-11-16,0000002196,59452825
2015-11-17,0000002197,93064017
2015-11-18,0000002198,96995726
2015-11-19,0000002199,76654856
2015-11-20,0000002200,53098400
2015-11-21,0000002201,72334820
2015-11-21,0000002202,33653965
2015-11-22,0000002203,34320242
2015-11-22,0000002204,91548861
2015-11-23,0000002205,17865149
2015-11-24,0000002206,48926081
2015-11-25,0000002207,05721527
2015-11-26,0000002208,78191629
2015-11-27,0000002209,80878577
2015-11-28,0000002210,55044250
2015-11-29,0000002211,39274909
2015-11-30,0000002212,54910387
2015-12-01,0000002213,23811537
2015-12-02,0000002214,99462010
2015-12-03,0000002215,60889855
2015-12-04,0000002216,41108004
2015-12-05,0000002217,14886117
2015-12-06,0000002218,35530915
2015-12-07,0000002219,14003990
2015-12-08,0000002220,28154185
2015-12-09,0000002221,92760179
2015-12-10,0000002222,77966252
2015-12-11,0000002223,23409465
2015-12-12,0000002224,94737191
2015-12-13,0000002225,81827591
2015-12-14,0000002226,53996653
2015-12-15,0000002227,44767317
2015-12-16,0000002228,64735861
2015-12-17,0000002229,43904381
2015-12-18,0000002230,91322174
2015-12-19,0000002231,13861803
2015-12-20,0000002232,66566569
2015-12-21,0000002233,04254763
2015-12-22,0000002234,12123611
2015-12-23,0000002235,34658080
2015-12-24,0000002236,53782300
2015-12-25,0000002237,55061392
2015-12-26,0000002238,59344485
2015-12-27,0000002239,91548861
2015-12-28,0000002240,42915360
2015-12-29,0000002241,79417131
2015-12-30,0000002242,81688363
2015-12-31,0000002243,34806211
2016-01-01,0000002244,20036767
2016-01-02,0000002245,36852459
2016-01-02,0000002246,90901755
2016-01-03,0000002247,81878761
2016-01-04,0000002248,19052991
2016-01-05,0000002249,20554892
2016-01-06,0000002250,86478211
2016-01-07,0000002251,79354849
2016-01-08,0000002252,05986408
2016-01-09,0000002253,76239539
2016-01-10,0000002254,97262294
2016-01-11,0000002255,40937027
2016-01-12,0000002256,17379270
2016-01-13,0000002257,98386293
2016-01-14,0000002258,25262465
2016-01-15,0000002259,06529467
2016-01-16,0000002260,97240490
2016-01-17,0000002261,67741305
2016-01-18,0000002262,06402026
2016-01-19,0000002263,58840331
2016-01-20,0000002264,27245218
2016-01-21,0000002265,82489027
2016-01-22,0000002266,24351002
2016-01-23,0000002267,59974097
2016-01-24,0000002268,51391984
2016-01-25,0000002269,69279029
2016-01-26,0000002270,29701843
2016-01-27,0000002271,09621334
2016-01-28,0000002272,78564706
2016-01-29,0000002273,16742674
2016-01-30,0000002274,63825738
2016-01-31,0000002275,72334820
2016-02-01,0000002276,48926081
2016-02-02,0000002277,87442389
2016-02-03,0000002278,60558896
2016-02-04,0000002279,63612004
2016-02-05,0000002280,30512992
2016-02-06,0000002281,14886117
2016-02-07,0000002282,41334578
2016-02-08,0000002283,71174082
2016-02-09,0000002284,44861457
2016-02-10,0000002285,06794019
2016-02-11,0000002286,43320778
2016-02-12,0000002287,51733607
2016-02-12,0000002288,37684580
2016-02-13,0000002289,60221303
2016-02-14,0000002290,45659540
2016-02-15,0000002291,01289515
2016-02-16,0000002292,98031915
2016-02-17,0000002293,27694415
2016-02-18,0000002294,78704702
2016-02-18,0000002295,44206472
2016-02-19,0000002296,13226562
2016-02-20,0000002297,04161813
2016-02-21,0000002298,19336811
2016-02-22,0000002299,86995711
2016-02-23,0000002300,76239539
2016-02-24,0000002301,11799896
2016-02-25,0000002302,79152574
2016-02-26,0000002303,41709386
2016-02-27,0000002304,08990525
2016-02-28,0000002305,75681320
2016-02-29,0000002306,04473173
2016-02-29,0000002307,21439837
2016-03-01,0000002308,04541598
2016-03-02,0000002309,84448920
2016-03-03,0000002310,88833465
2016-03-04,0000002311,44564565
2016-03-05,0000002312,42794553
2016-03-06,0000002313,79635437
2016-03-07,0000002314,18592086
2016-03-08,0000002315,10302629
2016-03-09,0000002316,89690028
2016-03-10,0000002317,26061495
2016-03-11,0000002318,71677481
2016-03-12,0000002319,44861457
2016-03-13,0000002320,26709627
2016-03-14,0000002321,13719733
2016-03-15,0000002322,36741205
2016-03-16,0000002323,47887300
2016-03-17,0000002324,67747188
2016-03-18,0000002325,32466207
2016-03-19,0000002326,13643552
2016-03-20,0000002327,19336811
2016-03-21,0000002328,56009788
2016-03-22,0000002329,39676797
2016-03-23,0000002330,36741205
2016-03-24,0000002331,69802744
2016-03-25,0000002332,13688511
2016-03-26,0000002333,16968368
2016-03-27,0000002334,99108098
2016-03-28,0000002335,61901691
2016-03-29,0000002336,67731801
2016-03-30,0000002337,71560779
2016-03-31,0000002338,33732860
2016-04-01,0000002339,86231058
2016-04-02,0000002340,29760672
2016-04-03,0000002341,57250830
2016-04-04,0000002342,97951102
2016-04-05,0000002343,13688511
2016-04-06,0000002344,66496857
2016-04-07,0000002345,21364201
2016-04-08,0000002346,98544035
2016-04-09,0000002347,54395133
2016-04-10,0000002348,45964062
2016-04-11,0000002349,72242227
2016-04-12,0000002350,47786912
2016-04-13,0000002351,67507119
2016-04-14,0000002352,40167198
2016-04-15,0000002353,44649616
2016-04-16,0000002354,96108147
2016-04-17,0000002355,31313467
2016-04-18,0000002356,32977587
2016-04-19,0000002357,11970177
2016-04-20,0000002358,71677481
2016-04-20,0000002359,00499975
2016-04-21,0000002360,09679697
2016-04-21,0000002361,98107728
2016-04-22,0000002362,26547348
2016-04-23,0000002363,61863743
2016-04-24,0000002364,49641076
2016-04-25,0000002365,13789112
2016-04-26,0000002366,19336811
2016-04-27,0000002367,06317212
2016-04-28,0000002368,07569049
2016-04-28,0000002369,23763354
2016-04-29,0000002370,97861544
2016-04-30,0000002371,93095924
2016-05-01,0000002372,35219523
2016-05-02,0000002373,65362043
2016-05-03,0000002374,56331231
2016-05-04,0000002375,61583972
2016-05-05,0000002376,72546278
2016-05-06,0000002377,05884795
2016-05-07,0000002378,94624038
2016-05-08,0000002379,48038642
2016-05-09,0000002380,52739559
2016-05-10,0000002381,77175081
2016-05-11,0000002382,23098472
2016-05-12,0000002383,45272936
2016-05-13,0000002384,07579367
2016-05-14,0000002385,13430683
2016-05-15,0000002386,95539522
2016-05-16,0000002387,91259529
2016-05-17,0000002388,27694415
2016-05-18,0000002389,91281142
2016-05-19,0000002390,97472473
2016-05-19,0000002391,23145699
2016-05-20,0000002392,05196976
2016-05-21,0000002393,27728984
2016-05-22,0000002394,49793243
2016-05-23,0000002395,00185742
2016-05-24,0000002396,89114762
2016-05-25,0000002397,90148194
2016-05-26,0000002398,89807831
2016-05-27,0000002399,83646308
2016-05-28,0000002400,59301341
2016-05-29,0000002401,94737191
2016-05-30,0000002402,20439220
2016-05-31,0000002403,17767234
2016-06-01,0000002404,16968368
2016-06-02,0000002405,03589048
2016-06-03,0000002406,35219523
2016-06-04,0000002407,56331231
2016-06-05,0000002408,15510616
2016-06-06,0000002409,37929133
2016-06-07,0000002410,81011732
2016-06-08,0000002411,33226705
2016-06-09,0000002412,34369307
2016-06-10,0000002413,29201041
2016-06-11,0000002414,61955226
2016-06-12,0000002415,72368819
2016-06-12,0000002416,41273547
2016-06-13,0000002417,41250712
2016-06-14,0000002418,10244080
2016-06-15,0000002419,82311769
2016-06-16,0000002420,10244080
2016-06-17,0000002421,93315478
2016-06-18,0000002422,95633573
2016-06-19,0000002423,19392327
2016-06-20,0000002424,13719733
2016-06-21,0000002425,48687627
2016-06-22,0000002426,82025773
2016-06-23,0000002427,70413261
2016-06-24,0000002428,88266335
2016-06-25,0000002429,96418649
2016-06-26,0000002430,69804008
2016-06-27,0000002431,97946701
2016-06-28,0000002432,00499975
2016-06-29,0000002433,10224298
2016-06-30,0000002434,52866664
2016-07-01,0000002435,36157388
2016-07-02,0000002436,25262465
2016-07-03,0000002437,66909660
2016-07-04,0000002438,14969451
2016-07-05,0000002439,09155758
2016-07-06,0000002440,06465482
2016-07-07,0000002441,67747188
2016-07-08,0000002442,51906328
2016-07-09,0000002443,57250830
2016-07-10,0000002444,00746108
2016-07-11,0000002445,97262294
2016-07-12,0000002446,68799845
2016-07-13,0000002447,50203477
2016-07-14,0000002448,60364623
2016-07-15,0000002449,11125200
2016-07-16,0000002450,71652728
2016-07-17,0000002451,81878761
2016-07-18,0000002452,28525854
2016-07-19,0000002453,66566569
2016-07-20,0000002454,99664559
2016-07-21,0000002455,50381386
2016-07-22,0000002456,45163312
2016-07-23,0000002457,67411720
2016-07-24,0000002458,00115952
2016-07-25,0000002459,61955226
2016-07-26,0000002460,56331231
2016-07-27,0000002461,14497663
2016-07-28,0000002462,05721527
2016-07-29,0000002463,18761667
2016-07-30,0000002464,77335722
2016-07-31,0000002465,41578759
2016-08-01,0000002466,31313467
2016-08-02,0000002467,07829426
2016-08-03,0000002468,88362910
2016-08-04,0000002469,96418649
2016-08-05,0000002470,04473173
2016-08-06,0000002471,20109606
2016-08-07,0000002472,32060657
2016-08-08,0000002473,84448920
2016-08-09,0000002474,52717543
2016-08-10,0000002475,71925645
2016-08-11,0000002476,43831611
2016-08-12,0000002477,29828000
2016-08-13,0000002478,78859386
2016-08-14,0000002479,57278788
2016-08-15,0000002480,78548173
2016-08-16,0000002481,68952113
2016-08-17,0000002482,84448920
2016-08-18,0000002483,26508465
2016-08-19,0000002484,98561410
2016-08-20,0000002485,98107728
2016-08-21,0000002486,81809067
2016-08-22,0000002487,59920468
2016-08-23,0000002488,12562275
2016-08-24,0000002489,05074410
2016-08-25,0000002490,28867985
2016-08-26,0000002491,13441511
2016-08-27,0000002492,99108098
2016-08-28,0000002493,10271561
2016-08-29,0000002494,93507095
2016-08-30,0000002495,38569233
2016-08-31,0000002496,94511236
2016-09-01,0000002497,70940349
2016-09-02,0000002498,14267208
2016-09-03,0000002499,33748846
2016-09-04,0000002500,85209508
2016-09-05,0000002501,26730521
2016-09-06,0000002502,30884235
2016-09-07,0000002503,01707767
2016-09-08,0000002504,32602485
2016-09-09,0000002505,36350941
2016-09-10,0000002506,85567142
2016-09-11,0000002507,81257061
2016-09-12,0000002508,47786912
2016-09-13,0000002509,35608498
2016-09-14,0000002510,42915360
2016-09-15,0000002511,68084235
2016-09-16,0000002512,50777453
2016-09-17,0000002513,70074080
2016-09-18,0000002514,55343081
2016-09-19,0000002515,45976249
2016-09-20,0000002516,67670137
2016-09-21,0000002517,38834734
2016-09-22,0000002518,59974097
2016-09-23,0000002519,88326552
2016-09-24,0000002520,98234260
2016-09-25,0000002521,87644955
2016-09-26,0000002522,99432604
2016-09-27,0000002523,75445451
2016-09-28,0000002524,84064088
2016-09-29,0000002525,14003990
2016-09-30,0000002526,91390968
2016-10-01,0000002527,58908293
2016-10-02,0000002528,75445451
2016-10-03,0000002529,39074919
2016-10-04,0000002530,36736368
2016-10-05,0000002531,54998198
2016-10-06,0000002532,03073302
2016-10-07,0000002533,60449335
2016-10-08,0000002534,66272936
2016-10-09,0000002535,08140001
2016-10-10,0000002536,39854186
2016-10-11,0000002537,25292223
2016-10-12,0000002538,37753537
2016-10-13,0000002539,06317212
2016-10-14,0000002540,44729879
2016-10-15,0000002541,94741783
2016-10-16,0000002542,09055424
2016-10-17,0000002543,64674663
2016-10-18,0000002544,37254320
2016-10-19,0000002545,05830620
2016-10-20,0000002546,91557437
2016-10-21,0000002547,56015809
2016-10-22,0000002548,09591241
2016-10-23,0000002549,45893916
2016-10-24,0000002550,94461096
2016-10-25,0000002551,75511970
2016-10-26,0000002552,45163312
2016-10-27,0000002553,24345074
2016-10-28,0000002554,32602485
2016-10-28,0000002555,14374209
2016-10-29,0000002556,20259365
2016-10-30,0000002557,30650068
2016-10-31,0000002558,59344485
2016-11-01,0000002559,11324866
2016-11-02,0000002560,04935407
2016-11-03,0000002561,50449578
2016-11-04,0000002562,02201900
2016-11-04,0000002563,51900787
2016-11-05,0000002564,13442056
2016-11-06,0000002565,56240711
2016-11-07,0000002566,51391984
2016-11-08,0000002567,22514635
2016-11-09,0000002568,13047673
2016-11-10,0000002569,58297580
2016-11-11,0000002570,03672705
2016-11-12,0000002571,32955035
2016-11-13,0000002572,23992170
2016-11-14,0000002573,57981980
2016-11-15,0000002574,30840785
2016-11-16,0000002575,26733270
2016-11-17,0000002576,54406882
2016-11-18,0000002577,63825738
2016-11-19,0000002578,47079810
2016-11-20,0000002579,24457537
2016-11-21,0000002580,27472489
2016-11-22,0000002581,38060179
2016-11-23,0000002582,47997329
2016-11-24,0000002583,34772771
2016-11-25,0000002584,71441995
2016-11-26,0000002585,43320778
2016-11-27,0000002586,01289515
2016-11-28,0000002587,81908691
2016-11-29,0000002588,32234110
2016-11-30,0000002589,93165616
2016-12-01,0000002590,14374209
2016-12-02,0000002591,76249533
2016-12-03,0000002592,88927969
2016-12-04,0000002593,64549532
2016-12-05,0000002594,71560779
2016-12-05,0000002595,62360903
2016-12-06,0000002596,34890993
2016-12-07,0000002597,04595889
2016-12-08,0000002598,56450989
2016-12-09,0000002599,35339748
2016-12-10,0000002600,00655373
2016-12-11,0000002601,24351002
2016-12-12,0000002602,41273547
2016-12-13,0000002603,32833057
2016-12-14,0000002604,83898012
2016-12-15,0000002605,01391394
2016-12-16,0000002606,61569878
2016-12-17,0000002607,16898280
2016-12-18,0000002608,22392442
2016-12-19,0000002609,54395133
2016-12-20,0000002610,88833465
2016-12-21,0000002611,23610432
2016-12-22,0000002612,41108004
2016-12-23,0000002613,73889021
2016-12-24,0000002614,32988910
2016-12-25,0000002615,93084426
2016-12-26,0000002616,29493768
2016-12-27,0000002617,29201041
2016-12-28,0000002618,98391185
2016-12-29,0000002619,16210896
2016-12-29,0000002620,10244080
2016-12-30,0000002621,96275849
2016-12-31,0000002622,57278788
2017-01-01,0000002623,77556897
2017-01-02,0000002624,30677299
2017-01-03,0000002625,21364201
2017-01-04,0000002626,37753537
2017-01-05,0000002627,20000511
2017-01-06,0000002628,24307805
2017-01-07,0000002629,88296993
2017-01-08,0000002630,87654604
2017-01-09,0000002631,69802744
2017-01-10,0000002632,69488592
2017-01-11,0000002633,23098472
2017-01-12,0000002634,69342200
2017-01-13,0000002635,85475379
2017-01-14,0000002636,06515930
2017-01-15,0000002637,28154185
2017-01-16,0000002638,38185023
2017-01-17,0000002639,86575471
2017-01-18,0000002640,62341116
2017-01-19,0000002641,42150456
2017-01-20,0000002642,09679697
2017-01-21,0000002643,71844137
2017-01-22,0000002644,44649616
2017-01-23,0000002645,58770611
2017-01-24,0000002646,37684580
2017-01-24,0000002647,81878761
2017-01-25,0000002648,73363124
2017-01-26,0000002649,80275692
2017-01-27,0000002650,36597528
2017-01-28,0000002651,89059926
2017-01-29,0000002652,60675339
2017-01-30,0000002653,56089225
2017-01-31,0000002654,67176144
2017-02-01,0000002655,12870974
2017-02-02,0000002656,72368819
2017-02-03,0000002657,58297580
2017-02-04,0000002658,85121456
2017-02-05,0000002659,13506208
2017-02-06,0000002660,07168874
2017-02-07,0000002661,67411720
2017-02-08,0000002662,57278788
2017-02-09,0000002663,83716714
2017-02-10,0000002664,26061495
2017-02-11,0000002665,97233152
2017-02-12,0000002666,60210289
2017-02-13,0000002667,97472473
2017-02-14,0000002668,39793616
2017-02-15,0000002669,24716980
2017-02-16,0000002670,78464116
2017-02-17,0000002671,07946990
2017-02-18,0000002672,79233001
2017-02-19,0000002673,82875876
2017-02-20,0000002674,49528224
2017-02-21,0000002675,40353165
2017-02-22,0000002676,04450382
2017-02-23,0000002677,27797867
2017-02-24,0000002678,22751691
2017-02-25,0000002679,98438869
2017-02-26,0000002680,26738851
2017-02-27,0000002681,75313636
2017-02-28,0000002682,04473173
2017-03-01,0000002683,16742674
2017-03-02,0000002684,83930644
2017-03-03,0000002685,43904381
2017-03-03,0000002686,16981772
2017-03-04,0000002687,09930577
2017-03-05,0000002688,28911064
2017-03-06,0000002689,17984201
2017-03-07,0000002690,50865319
2017-03-08,0000002691,79417131
2017-03-09,0000002692,98833229
2017-03-10,0000002693,98561410
2017-03-11,0000002694,61901691
2017-03-12,0000002695,56015809
2017-03-13,0000002696,32737958
2017-03-14,0000002697,37490067
2017-03-15,0000002698,34723374
2017-03-16,0000002699,63242052
2017-03-17,0000002700,32466207
2017-03-18,0000002701,65106374
2017-03-19,0000002702,54774834
2017-03-20,0000002703,32541597
2017-03-21,0000002704,66198036
2017-03-22,0000002705,00153300
2017-03-23,0000002706,59970022
2017-03-24,0000002707,95633573
2017-03-24,0000002708,66272936
2017-03-25,0000002709,72546278
2017-03-26,0000002710,01744577
2017-03-27,0000002711,37753537
2017-03-28,0000002712,72231412
2017-03-29,0000002713,01289515
2017-03-30,0000002714,06794019
2017-03-31,0000002715,84862981
2017-03-31,0000002716,43812528
2017-04-01,0000002717,17137190
2017-04-02,0000002718,92496558
2017-04-03,0000002719,20036767
2017-04-04,0000002720,82232422
2017-04-05,0000002721,89823824
2017-04-06,0000002722,56654796
2017-04-07,0000002723,84885394
2017-04-08,0000002724,46635783
2017-04-09,0000002725,64789566
2017-04-10,0000002726,54774834
2017-04-11,0000002727,72546278
2017-04-12,0000002728,45759809
2017-04-13,0000002729,54625058
2017-04-14,0000002730,59970022
2017-04-15,0000002731,64373385
2017-04-16,0000002732,14497941
2017-04-17,0000002733,50381386
2017-04-18,0000002734,23777632
2017-04-19,0000002735,65745321
2017-04-20,0000002736,32060657
2017-04-21,0000002737,95156199
2017-04-22,0000002738,21259946
2017-04-23,0000002739,35339748
2017-04-24,0000002740,15613033
2017-04-25,0000002741,31883902
2017-04-26,0000002742,07454040
2017-04-27,0000002743,03921233
2017-04-28,0000002744,09222932
2017-04-29,0000002745,85447290
2017-04-30,0000002746,37753537
2017-05-01,0000002747,09863852
2017-05-02,0000002748,74468281
2017-05-03,0000002749,58297580
2017-05-04,0000002750,71375462
2017-05-05,0000002751,80684496
2017-05-06,0000002752,70933962
2017-05-07,0000002753,19433102
2017-05-08,0000002754,59344485
2017-05-09,0000002755,95633573
2017-05-10,0000002756,63283295
2017-05-11,0000002757,82457579
2017-05-12,0000002758,10756270
2017-05-13,0000002759,88266335
2017-05-14,0000002760,29493768
2017-05-15,0000002761,22971023
2017-05-16,0000002762,66198036
2017-05-17,0000002763,88140241
2017-05-18,0000002764,43883805
2017-05-19,0000002765,42602894
2017-05-20,0000002766,30965292
2017-05-21,0000002767,39274909
2017-05-22,0000002768,65901997
2017-05-23,0000002769,14109378
2017-05-24,0000002770,61520262
2017-05-25,0000002771,13441511
2017-05-26,0000002772,42842139
2017-05-27,0000002773,98611037
2017-05-28,0000002774,72546278
2017-05-29,0000002775,03120547
2017-05-30,0000002776,37796177
2017-05-31,0000002777,39074919
2017-06-01,0000002778,92552376
2017-06-02,0000002779,64789566
2017-06-03,0000002780,51449532
2017-06-04,0000002781,14003990
2017-06-05,0000002782,21491350
2017-06-06,0000002783,16322764
2017-06-07,0000002784,18642193
2017-06-08,0000002785,56450989
2017-06-09,0000002786,51906328
2017-06-10,0000002787,18857880
2017-06-11,0000002788,78191629
2017-06-12,0000002789,78999689
2017-06-13,0000002790,97814560
2017-06-14,0000002791,02015399
2017-06-15,0000002792,34369307
2017-06-16,0000002793,39274909
2017-06-17,0000002794,55571284
2017-06-18,0000002795,27728984
2017-06-19,0000002796,01391394
2017-06-20,0000002797,67732238
2017-06-21,0000002798,32988910
2017-06-22,0000002799,99432604
2017-06-23,0000002800,84064088
2017-06-24,0000002801,33748846
2017-06-25,0000002802,33780107
2017-06-26,0000002803,56529511
2017-06-27,0000002804,20983932
2017-06-28,0000002805,92496558
2017-06-29,0000002806,32833057
2017-06-30,0000002807,44678531
2017-07-01,0000002808,11666700
2017-07-02,0000002809,44444515
2017-07-03,0000002810,51398814
2017-07-04,0000002811,89287660
2017-07-05,0000002812,24345074
2017-07-06,0000002813,20036999
2017-07-07,0000002814,07125157
2017-07-08,0000002815,90132893
2017-07-09,0000002816,82025773
2017-07-10,0000002817,99108098
2017-07-11,0000002818,86575471
2017-07-12,0000002819,93174745
2017-07-13,0000002820,40126016
2017-07-14,0000002821,79786277
2017-07-15,0000002822,29548825
2017-07-16,0000002823,70310085
2017-07-17,0000002824,13430683
2017-07-18,0000002825,14497941
2017-07-19,0000002826,86478211
2017-07-20,0000002827,16579575
2017-07-21,0000002828,50203477
2017-07-22,0000002829,94610098
2017-07-23,0000002830,23056074
2017-07-24,0000002831,60317245
2017-07-25,0000002832,41916936
2017-07-26,0000002833,35463791
2017-07-27,0000002834,61169229
2017-07-28,0000002835,04780924
2017-07-29,0000002836,61583972
2017-07-30,0000002837,83716714
2017-07-31,0000002838,16898280
2017-08-01,0000002839,57364817
2017-08-02,0000002840,45976249
2017-08-03,0000002841,18580046
2017-08-04,0000002842,97240490
2017-08-04,0000002843,89853192
2017-08-05,0000002844,23576760
2017-08-05,0000002845,88927969
2017-08-06,0000002846,78564706
2017-08-07,0000002847,47079810
2017-08-08,0000002848,80062180
2017-08-09,0000002849,54909367
2017-08-10,0000002850,05358746
2017-08-11,0000002851,54258774
2017-08-12,0000002852,45163312
2017-08-12,0000002853,48732121
2017-08-13,0000002854,85121456
2017-08-14,0000002855,79635437
2017-08-15,0000002856,31830598
2017-08-16,0000002857,24345074
2017-08-17,0000002858,92271225
2017-08-18,0000002859,71612300
2017-08-19,0000002860,24716980
2017-08-20,0000002861,89823824
2017-08-21,0000002862,50913135
2017-08-22,0000002863,20793152
2017-08-23,0000002864,35219523
2017-08-24,0000002865,04554962
2017-08-25,0000002866,67741305
2017-08-26,0000002867,70079562
2017-08-27,0000002868,20439220
2017-08-28,0000002869,68184498
2017-08-28,0000002870,91217897
2017-08-29,0000002871,30884235
2017-08-30,0000002872,92813372
2017-08-31,0000002873,21364201
2017-09-01,0000002874,37254320
2017-09-02,0000002875,90138139
2017-09-03,0000002876,81948831
2017-09-04,0000002877,18085356
2017-09-05,0000002878,36741205
2017-09-06,0000002879,23763354
2017-09-07,0000002880,93568391
2017-09-08,0000002881,86478211
2017-09-09,0000002882,82875876
2017-09-10,0000002883,34806211
2017-09-11,0000002884,68883787
2017-09-11,0000002885,11666700
2017-09-12,0000002886,78685379
2017-09-13,0000002887,59344485
2017-09-14,0000002888,64153401
2017-09-15,0000002889,52717543
2017-09-16,0000002890,31381479
2017-09-17,0000002891,09591241
2017-09-18,0000002892,87652783
2017-09-19,0000002893,47774458
2017-09-19,0000002894,26766246
2017-09-20,0000002895,00573404
2017-09-21,0000002896,94741783
2017-09-22,0000002897,87442389
2017-09-23,0000002898,07829426
2017-09-24,0000002899,52127903
2017-09-25,0000002900,45759809
2017-09-26,0000002901,07633587
2017-09-27,0000002902,01167903
2017-09-28,0000002903,80137027
2017-09-29,0000002904,63708793
2017-09-30,0000002905,88889444
2017-10-01,0000002906,32785529
2017-10-02,0000002907,69765753
2017-10-03,0000002908,02201900
2017-10-04,0000002909,90066382
2017-10-05,0000002910,44678531
2017-10-06,0000002911,17864013
2017-10-07,0000002912,64674663
2017-10-08,0000002913,17379270
2017-10-09,0000002914,95832851
2017-10-10,0000002915,56331231
2017-10-11,0000002916,55571284
2017-10-12,0000002917,60449335
2017-10-13,0000002918,70413261
2017-10-14,0000002919,87844314
2017-10-15,0000002920,39854186
2017-10-16,0000002921,94624038
2017-10-17,0000002922,75672728
2017-10-18,0000002923,05721527
2017-10-19,0000002924,14969451
2017-10-20,0000002925,14374209
2017-10-21,0000002926,68799545
2017-10-22,0000002927,43371377
2017-10-23,0000002928,30561846
2017-10-24,0000002929,99256334
2017-10-25,0000002930,93916882
2017-10-26,0000002931,57278788
2017-10-27,0000002932,22679114
2017-10-28,0000002933,94453387
2017-10-29,0000002934,35530915
2017-10-30,0000002935,75681320
2017-10-31,0000002936,26735426
2017-11-01,0000002937,30650068
2017-11-02,0000002938,11567161
2017-11-03,0000002939,59265623
2017-11-04,0000002940,13869388
2017-11-05,0000002941,31381479
2017-11-06,0000002942,58050906
2017-11-07,0000002943,18421450
2017-11-08,0000002944,79233001
2017-11-09,0000002945,69365186
2017-11-10,0000002946,22316492
2017-11-11,0000002947,05397487
2017-11-11,0000002948,94461096
2017-11-12,0000002949,84372610
2017-11-13,0000002950,64789566
2017-11-14,0000002951,02100042
2017-11-15,0000002952,75542210
2017-11-16,0000002953,69655488
2017-11-17,0000002954,68299960
2017-11-18,0000002955,77966252
2017-11-19,0000002956,20259365
2017-11-20,0000002957,73363988
2017-11-21,0000002958,38768145
2017-11-22,0000002959,38056374
2017-11-23,0000002960,41493948
2017-11-24,0000002961,81273988
2017-11-25,0000002962,93034139
2017-11-26,0000002963,11125200
2017-11-27,0000002964,01712896
2017-11-28,0000002965,07569049
2017-11-29,0000002966,61520262
2017-11-30,0000002967,59265623
2017-12-01,0000002968,84588517
2017-12-02,0000002969,00254791
2017-12-03,0000002970,11799896
2017-12-04,0000002971,67732238
2017-12-05,0000002972,91322174
2017-12-06,0000002973,82457579
2017-12-07,0000002974,08329123
2017-12-08,0000002975,91346827
2017-12-09,0000002976,32453039
2017-12-10,0000002977,99001190
2017-12-11,0000002978,92760179
2017-12-12,0000002979,20000511
2017-12-13,0000002980,80275692
2017-12-14,0000002981,85447290
2017-12-15,0000002982,15071456
2017-12-16,0000002983,16898280
2017-12-17,0000002984,88889444
2017-12-18,0000002985,03120547
2017-12-19,0000002986,68299960
2017-12-20,0000002987,11253594
2017-12-21,0000002988,10069593
2017-12-22,0000002989,51280577
2017-12-23,0000002990,22878417
2017-12-24,0000002991,67507119
2017-12-25,0000002992,69283250
2017-12-26,0000002993,17991968
2017-12-27,0000002994,11546851
2017-12-28,0000002995,45559700
2017-12-29,0000002996,36741205
2017-12-30,0000002997,67507119
2017-12-31,0000002998,90148194
2018-01-01,0000002999,80878577
2018-01-01,0000003000,28867985