no_recibo,producto_id,tienda_id,cantidad
0000000001,2914010016,4,10
0000000001,4916040001,2,5
0000000002,270242,5,8
0000000003,265322,3,6
0000000004,2917020005,1,2
0000000005,265223,5,3
0000000006,2844160000,4,8
0000000007,2114021301,2,4
0000000008,2702AF,3,3
0000000008,284426,4,2
0000000009,26548J,4,4
0000000009,2703A2,4,5
0000000010,2844B5,5,6
0000000011,2127040501,1,3
0000000012,2213010301,4,10
0000000013,26552C,2,9
0000000014,270344,4,8
0000000014,458532,4,4
0000000015,284402,2,3
0000000016,2702AW,4,8
0000000016,458341,4,9
0000000017,2415000209,4,4
0000000018,270139,1,7
0000000019,2125024001,4,1
0000000019,4434020001,3,9
0000000020,2125022191,2,3
0000000020,2213010301,1,5
0000000020,270153,2,10
0000000021,4917040004,1,10
0000000022,270243,5,7
0000000022,458446,3,2
0000000023,26522E,4,1
0000000024,265529,3,2
0000000024,2701AN,2,3
0000000025,270220,4,5
0000000026,2112010701,2,3
0000000027,267441,1,4
0000000028,265121,4,3
0000000029,2843C7,3,3
0000000030,270383,5,7
0000000031,2112021801,2,6
0000000032,2115050101,4,5
0000000033,270290,5,8
0000000033,458397,1,9
0000000034,2213010301,3,3
0000000034,2702AZ,5,7
0000000034,270371,5,5
0000000035,276JDG,1,1
0000000036,2701BO,4,3
0000000037,2844160000,3,7
0000000038,270161,2,7
0000000039,2767JU,3,3
0000000039,284444,2,4
0000000040,458143,5,2
0000000041,2701BG,1,6
0000000042,26552C,1,7
0000000043,458148,1,9
0000000044,4126041201,4,7
0000000045,265224,3,6
0000000046,26504C,3,5
0000000046,267496,4,6
0000000047,2144022301,1,9
0000000047,270315,5,10
0000000047,2844S2,4,1
0000000047,458347,4,10
0000000048,2842A3,5,6
0000000049,458249,5,5
0000000050,2663A7,4,1
0000000051,2126020191,1,9
0000000051,2127024001,1,10
0000000052,2844C4,5,3
0000000053,270347,5,10
0000000054,2126030201,1,4
0000000054,2126050101,2,1
0000000055,2843080002,1,6
0000000056,2125022191,5,8
0000000057,26522A,5,5
0000000058,266232,2,10
0000000059,270254,1,5
0000000060,2126030701,4,2
0000000061,2767JU,1,10
0000000062,270283,5,4
0000000063,284151,4,5
0000000064,2126020201,3,2
0000000064,267425,3,1
0000000065,267101,3,6
0000000066,270453,3,3
0000000067,2844C4,5,7
0000000068,266246,1,9
0000000069,2117021201,2,9
0000000070,2134020101,5,9
0000000070,2917020005,2,5
0000000071,2114031091,5,8
0000000071,267492,1,9
0000000072,270348,4,5
0000000073,267012,3,5
0000000074,2844A6,4,8
0000000074,418004,5,3
0000000075,267156,3,10
0000000075,284145,5,1
0000000076,2844C1,1,5
0000000077,2915010010,2,10
0000000078,284142,5,7
0000000079,2916020010,1,9
0000000080,2701B9,3,9
0000000081,266232,3,3
0000000082,270180,5,9
0000000082,2917020007,1,1
0000000083,2114020691,1,10
0000000083,284263,5,10
0000000084,2843C8,5,5
0000000085,270191,2,7
0000000086,2147022301,3,10
0000000087,270130,2,6
0000000087,4916040018,3,2
0000000088,458434,3,5
0000000089,270267,5,5
0000000089,270302,5,6
0000000090,286ACD,5,1
0000000091,2115023601,1,1
0000000092,26544G,3,3
0000000093,2126030201,5,6
0000000094,267042,4,3
0000000095,2212010191,3,7
0000000096,267449,5,2
0000000097,2112020401,5,8
0000000098,2703AQ,3,5
0000000098,458297,3,10
0000000098,458446,2,7
0000000099,284493,4,4
0000000100,284340,5,7
0000000101,2868D8,3,2
0000000102,265321,3,2
0000000102,270290,2,5
0000000103,2212010501,1,6
0000000103,267321,1,6
0000000104,266547,4,9
0000000104,270356,3,7
0000000105,270361,4,7
0000000106,2415000121,1,1
0000000107,2132023703,5,9
0000000107,2144020101,4,6
0000000107,270210,1,3
0000000108,2112021201,5,2
0000000108,2115023601,3,10
0000000108,26512C,2,2
0000000108,284449,5,3
0000000109,2146020201,2,4
0000000110,26527H,4,5
0000000111,2125050101,5,2
0000000111,2703A6,5,1
0000000112,2917021801,3,4
0000000113,284249,2,7
0000000114,266220,2,3
0000000114,4915010001,1,8
0000000115,267426,1,6
0000000115,276FDH,3,8
0000000116,286586,1,1
0000000117,270238,5,6
0000000118,270218,2,5
0000000119,284196,2,10
0000000120,270235,1,10
0000000121,284126,1,9
0000000122,2125040591,1,9
0000000122,2867QK,1,4
0000000123,2132020101,3,7
0000000124,4125041801,5,1
0000000125,2701A7,4,8
0000000126,2702AE,4,2
0000000126,284226,4,10
0000000127,270261,1,2
0000000128,270236,2,3
0000000128,27658U,3,5
0000000128,4916040011,1,4
0000000129,284496,4,9
0000000130,2702AE,3,1
0000000130,2914020014,1,9
0000000131,2115010791,5,8
0000000131,266346,4,2
0000000132,2702AN,5,5
0000000133,2127030491,1,4
0000000133,2144020391,1,8
0000000133,267521,2,6
0000000133,270340,3,5
0000000134,270203,3,2
0000000135,267542,4,3
0000000136,270230,1,10
0000000137,296002,2,4
0000000138,267374,2,9
0000000138,2702A3,2,7
0000000139,284344,2,2
0000000140,458197,1,3
0000000141,26524I,3,7
0000000142,284440,5,10
0000000143,2703A2,4,7
0000000144,267101,3,1
0000000145,270342,5,4
0000000145,284474,3,1
0000000146,2111023701,2,1
0000000147,265122,3,4
0000000148,26544F,5,1
0000000149,270226,1,3
0000000150,266517,3,8
0000000151,265429,4,5
0000000152,2144020391,3,2
0000000152,276EDL,1,4
0000000153,2842C3,4,8
0000000153,2915010003,1,5
0000000154,2652BE,1,6
0000000155,2125041401,4,8
0000000156,2116050101,3,10
0000000156,270228,4,10
0000000157,418004,5,10
0000000158,458299,5,7
0000000159,270207,2,1
0000000160,284216,2,10
0000000161,26522A,5,10
0000000162,270238,3,10
0000000163,2115020391,4,5
0000000164,267012,3,6
0000000165,284449,5,2
0000000166,267248,4,4
0000000166,270182,3,2
0000000167,2701AE,5,8
0000000168,26526N,3,10
0000000169,284495,3,4
0000000169,2915010012,3,5
0000000170,270385,1,2
0000000171,2144021691,2,3
0000000171,458524,4,10
0000000172,267425,3,1
0000000173,2701A1,5,9
0000000173,284343,1,1
0000000174,2844C4,3,1
0000000175,284415,4,7
0000000176,26526N,5,4
0000000176,270347,3,2
0000000177,267334,2,10
0000000178,2127041001,1,2
0000000179,2841A5,5,7
0000000179,286594,1,10
0000000180,26516K,2,10
0000000181,4127041201,1,4
0000000182,270108,1,6
0000000183,2867II,2,9
0000000184,2665A4,3,4
0000000185,2211010301,1,4
0000000186,26542D,4,6
0000000187,2843S1,4,2
0000000188,2115030301,5,9
0000000189,296002,3,7
0000000190,267012,3,3
0000000191,265225,5,8
0000000192,286594,2,4
0000000193,2124030101,1,1
0000000193,2845170000,2,4
0000000194,2914020003,1,4
0000000195,2117020101,2,8
0000000196,458434,2,6
0000000197,2703AE,4,2
0000000197,2912020003,2,9
0000000198,266520,1,7
0000000199,2767JU,5,3
0000000200,270250,4,10
0000000200,2863V1,4,10
0000000201,270350,1,7
0000000202,2144020391,3,10
0000000203,2665A7,5,8
0000000204,270247,2,2
0000000204,2914010011,3,7
0000000205,2842A4,2,6
0000000206,284274,3,4
0000000207,2136011602,3,6
0000000207,2147020801,5,4
0000000207,267473,4,9
0000000208,2212013701,3,5
0000000209,267047,4,3
0000000210,2916020015,4,9
0000000211,270376,1,9
0000000212,265221,3,10
0000000212,2917010003,1,5
0000000213,270347,3,6
0000000214,2125040101,4,7
0000000214,26552A,3,9
0000000215,267042,1,6
0000000216,284408,4,3
0000000217,2702BD,3,6
0000000217,284146,2,1
0000000218,270247,2,6
0000000219,2115011201,2,9
0000000219,2212010191,3,5
0000000219,286ECD,2,7
0000000220,26527G,4,3
0000000221,458101,5,10
0000000222,286G010001,3,2
0000000223,458247,3,6
0000000224,284142,5,5
0000000225,2844080002,4,10
0000000226,2213012301,1,10
0000000227,2127040201,1,2
0000000227,2703AQ,3,8
0000000228,2844B1,3,8
0000000229,2144022301,2,7
0000000230,2915020095,3,4
0000000231,4915040002,5,1
0000000232,2125022191,2,2
0000000233,2112020601,5,8
0000000234,2703AE,4,5
0000000234,284311,5,10
0000000235,4916040011,4,9
0000000236,2843S6,4,4
0000000236,458399,2,2
0000000237,2126022101,1,6
0000000238,270199,2,10
0000000239,2664AC,4,4
0000000240,2124020101,1,5
0000000240,265225,4,1
0000000241,2915210008,5,7
0000000242,2144022301,2,10
0000000243,2127050201,1,10
0000000243,2860Z2,2,4
0000000244,270299,5,1
0000000244,2916030002,4,3
0000000245,2702BE,1,1
0000000245,284540,3,6
0000000246,284148,5,6
0000000247,270326,2,8
0000000248,276EDL,2,2
0000000249,4916040018,2,2
0000000250,267505,2,2
0000000251,2701BF,3,9
0000000251,458147,4,4
0000000252,270201,4,3
0000000253,267046,3,8
0000000253,4127040201,1,1
0000000254,458395,3,2
0000000255,266220,2,7
0000000255,270103,1,2
0000000256,284341,4,1
0000000257,2115050101,1,5
0000000258,2116020401,4,3
0000000258,2125041001,5,5
0000000259,2917020005,1,4
0000000260,284125,3,9
0000000261,267256,2,5
0000000262,2702AY,4,6
0000000263,2115022201,1,10
0000000263,276FDN,2,3
0000000264,2213014491,4,10
0000000264,2415070102,5,6
0000000265,2124030491,1,2
0000000265,2146022301,4,8
0000000266,2865F4,1,3
0000000267,267041,4,7
0000000267,270294,2,3
0000000268,2125020501,4,10
0000000269,267377,3,6
0000000269,2703AY,3,4
0000000270,270239,1,7
0000000270,2842B2,2,4
0000000271,270110,5,4
0000000272,284474,3,6
0000000273,270253,5,1
0000000274,270338,1,2
0000000275,2415000121,1,6
0000000275,2844S3,1,1
0000000276,267011,5,7
0000000277,284143,2,3
0000000278,2125030401,3,7
0000000279,2132023703,1,4
0000000279,2211014401,4,8
0000000279,458322,3,2
0000000280,458446,5,8
0000000281,284251,5,4
0000000282,2112010701,2,5
0000000282,2663A7,3,10
0000000282,465261,4,10
0000000283,2916010007,1,3
0000000284,270130,2,10
0000000285,284318,4,1
0000000286,270212,3,5
0000000287,270250,5,4
0000000288,267042,2,3
0000000289,286ACD,5,7
0000000290,265481,2,7
0000000291,2126023191,4,9
0000000292,2126023191,2,2
0000000292,270279,4,9
0000000293,2914020092,4,4
0000000294,267402,5,1
0000000295,267577,3,5
0000000296,270453,3,10
0000000297,2703AK,5,7
0000000297,4916040018,5,9
0000000298,2112010701,2,9
0000000299,267011,3,4
0000000299,270353,3,6
0000000299,4126041501,1,3
0000000300,284109,1,3
0000000301,2213013201,2,5
0000000302,2114020291,3,9
0000000303,458496,1,10
0000000304,2136011602,3,2
0000000305,4916040009,4,5
0000000306,2415000107,1,2
0000000307,2702B5,2,1
0000000308,2701AY,5,2
0000000309,267441,5,10
0000000310,2701AV,5,6
0000000311,2115020391,4,3
0000000312,276FFL,4,4
0000000312,286056,3,9
0000000313,2844S1,1,6
0000000314,2701A5,2,2
0000000315,265528,2,3
0000000316,2911020003,5,10
0000000317,270203,4,4
0000000318,2125020101,1,9
0000000319,2112030601,4,8
0000000320,270347,4,9
0000000321,270229,5,1
0000000322,2124020991,1,9
0000000323,2115050201,2,5
0000000323,2703C2,2,2
0000000324,2117040101,4,6
0000000325,270276,3,8
0000000326,2144020401,1,1
0000000326,2703AN,5,3
0000000327,2915010011,5,3
0000000328,276JDG,5,1
0000000329,458147,3,2
0000000330,267451,4,8
0000000331,2701AN,2,3
0000000332,270340,5,2
0000000333,270358,5,6
0000000334,458197,4,7
0000000335,2703AN,2,9
0000000336,458496,1,5
0000000337,265529,4,10
0000000338,2915010002,2,5
0000000338,458295,5,7
0000000339,270159,1,1
0000000339,270342,5,2
0000000340,2112020501,5,9
0000000341,2117020391,3,10
0000000342,270150,2,8
0000000343,2132020101,3,6
0000000344,270133,2,10
0000000345,270376,2,6
0000000345,284106,1,4
0000000346,2701AN,5,4
0000000347,2665A7,2,10
0000000347,2703A5,2,4
0000000348,270117,5,2
0000000348,2845930002,2,4
0000000349,2124020991,1,9
0000000349,270122,5,1
0000000350,213006,2,6
0000000350,267148,5,5
0000000351,2664A3,5,7
0000000352,4127041801,1,8
0000000353,266232,4,8
0000000354,26554G,5,7
0000000355,458530,4,8
0000000356,267246,3,9
0000000357,2917020005,1,4
0000000358,2702AZ,4,1
0000000358,270399,2,4
0000000359,284344,2,7
0000000360,2703AZ,3,2
0000000361,266547,3,8
0000000361,2702AN,4,10
0000000362,284101,2,4
0000000363,270399,3,8
0000000364,213006,2,9
0000000364,2945000103,2,4
0000000365,2126011101,4,10
0000000366,2914020013,3,10
0000000367,2703AK,5,7
0000000368,2112021201,5,4
0000000368,2115050101,3,7
0000000369,284402,2,7
0000000370,2145020301,2,8
0000000371,2916010005,4,7
0000000371,458350,1,6
0000000372,26522B,5,10
0000000373,270263,1,10
0000000374,418101,3,4
0000000375,265225,1,7
0000000376,270197,2,3
0000000377,2112030601,3,6
0000000378,286056,5,10
0000000379,2111011591,1,6
0000000379,2845S4,4,6
0000000380,2915010015,2,4
0000000380,2916020093,1,4
0000000381,2145020101,2,8
0000000382,2842B6,4,3
0000000383,265224,2,8
0000000384,2662A3,5,8
0000000385,2126020191,5,1
0000000386,284394,4,1
0000000387,270263,5,1
0000000388,266520,2,3
0000000389,2147020301,4,6
0000000389,265225,1,2
0000000390,4122041101,4,8
0000000391,270330,1,9
0000000392,26554F,1,10
0000000393,2116050101,1,2
0000000394,266517,5,2
0000000394,270204,5,10
0000000395,2701AF,2,10
0000000395,2703BL,4,6
0000000396,26524F,5,4
0000000397,284106,4,3
0000000398,270375,2,2
0000000398,458530,4,8
0000000399,26554G,2,4
0000000399,270235,1,9
0000000400,270245,3,10
0000000401,2663A7,4,4
0000000402,270279,4,3
0000000403,2865F4,5,4
0000000404,458196,2,1
0000000405,2115020791,4,1
0000000405,2125024001,1,4
0000000405,2415000107,4,8
0000000405,458243,2,1
0000000406,267177,4,5
0000000407,2703AF,1,5
0000000408,284106,4,5
0000000409,2132010906,3,4
0000000409,270285,1,2
0000000410,2144021691,2,3
0000000411,270338,5,4
0000000411,284372,5,1
0000000412,270261,5,5
0000000412,2842C3,4,6
0000000413,2844B1,3,7
0000000413,458346,1,10
0000000414,2843B6,3,6
0000000415,458297,3,2
0000000416,284249,2,9
0000000417,2415000107,4,9
0000000417,26528J,2,9
0000000418,26522E,1,10
0000000419,2703A3,2,4
0000000419,284451,3,1
0000000420,270313,3,9
0000000421,270263,4,4
0000000422,2147020201,3,7
0000000423,267226,3,9
0000000424,265226,2,7
0000000425,2146022601,2,7
0000000425,2702BG,5,8
0000000426,276FDH,1,3
0000000427,26535A,1,8
0000000427,4916040018,5,7
0000000428,2115023601,1,9
0000000428,265581,1,2
0000000429,2703AE,1,1
0000000430,270103,3,8
0000000431,2212013801,3,3
0000000431,270347,1,10
0000000432,270302,5,3
0000000433,2702AD,2,2
0000000434,267042,2,8
0000000435,267045,5,9
0000000436,267396,3,8
0000000437,2843C1,4,6
0000000438,2114010601,2,1
0000000439,270340,1,4
0000000440,267445,3,4
0000000440,2945000103,4,1
0000000440,458529,4,8
0000000441,270306,1,2
0000000442,2914010097,5,2
0000000443,2701B8,1,2
0000000443,2703B8,1,1
0000000444,2115020401,1,2
0000000444,2125024001,4,2
0000000445,2114020501,1,10
0000000445,267341,5,1
0000000446,286A0D,5,6
0000000447,270389,4,7
0000000448,284318,2,3
0000000449,2945000103,4,1
0000000450,270353,1,7
0000000451,458440,5,2
0000000452,2144020201,3,5
0000000452,2652BE,2,8
0000000452,2842A3,5,8
0000000453,266232,1,6
0000000454,267322,2,7
0000000454,2702AY,2,9
0000000455,270150,4,3
0000000456,284426,4,2
0000000457,267012,3,1
0000000458,284344,3,1
0000000459,2843C3,1,8
0000000460,267573,5,8
0000000461,2147021601,4,2
0000000462,270303,5,1
0000000462,284272,5,4
0000000463,2915020013,2,4
0000000464,2213014301,4,9
0000000465,2702AE,3,9
0000000465,458421,5,8
0000000466,458542,4,10
0000000467,2415070102,2,2
0000000467,265529,1,1
0000000468,270376,4,4
0000000469,267449,5,8
0000000470,465261,3,4
0000000471,8010,3,5
0000000472,2147022601,1,10
0000000472,265223,5,8
0000000472,267543,3,9
0000000473,2844B5,1,7
0000000474,2124020101,1,1
0000000474,284126,3,3
0000000475,458426,2,6
0000000476,2144022301,5,9
0000000476,284306,1,4
0000000477,284450,4,3
0000000478,2127023391,1,9
0000000479,2912010001,2,8
0000000480,2126020191,2,3
0000000481,270138,3,1
0000000481,2702B9,3,9
0000000482,2702AW,2,9
0000000483,2147020801,1,2
0000000483,270329,5,4
0000000484,270365,1,10
0000000485,267192,3,2
0000000486,266220,1,7
0000000486,284249,2,7
0000000487,2702AQ,3,5
0000000488,26522D,5,10
0000000489,2147020801,3,9
0000000489,270199,5,3
0000000490,2843B8,1,4
0000000491,267378,3,3
0000000492,267593,3,5
0000000492,270338,2,4
0000000493,2127040201,1,6
0000000493,265328,2,5
0000000494,2701B7,1,3
0000000495,2434010001,4,3
0000000496,2868D8,3,3
0000000497,2662A4,1,9
0000000498,2132023703,2,5
0000000499,270316,2,5
0000000500,270356,3,6
0000000501,267522,5,8
0000000501,2701AY,2,5
0000000501,270376,4,8
0000000502,284508,5,10
0000000502,2916020015,4,10
0000000503,4126041801,2,7
0000000504,2114020291,3,6
0000000504,270250,3,6
0000000505,2126040891,2,1
0000000505,270208,1,2
0000000506,266374,1,2
0000000507,26548J,2,3
0000000508,2115020901,4,4
0000000509,266532,4,5
0000000509,267377,1,7
0000000510,4137050201,3,3
0000000511,2703AT,3,8
0000000512,265327,3,2
0000000512,2701BG,3,8
0000000512,2703AN,5,3
0000000513,2912010002,4,7
0000000514,267012,2,8
0000000514,2917021701,3,3
0000000515,2844C4,4,4
0000000516,2111023701,2,6
0000000517,2124024801,2,1
0000000518,2126020301,3,6
0000000519,2703AF,4,1
0000000520,2116021701,5,1
0000000521,267592,4,3
0000000522,270293,1,6
0000000523,266417,2,2
0000000524,270346,1,7
0000000525,267245,2,3
0000000525,2845A7,3,7
0000000526,458350,4,5
0000000527,2703AN,2,7
0000000528,2845B2,2,6
0000000528,418201,4,6
0000000529,270193,1,10
0000000529,284398,4,10
0000000530,267492,1,7
0000000531,284362,3,10
0000000531,2845A1,2,2
0000000532,265427,1,3
0000000533,2132020101,3,4
0000000534,270170,1,6
0000000535,284495,1,9
0000000536,286DW1,4,2
0000000537,284217,2,3
0000000538,267180,4,9
0000000539,2701BD,3,10
0000000540,267473,5,8
0000000540,270249,3,3
0000000541,26552C,3,8
0000000541,267011,3,10
0000000541,267045,4,7
0000000542,2662A7,4,6
0000000543,2914010011,3,5
0000000544,465262,3,7
0000000545,2115050201,2,6
0000000545,265581,3,10
0000000546,270210,3,4
0000000547,267221,2,8
0000000548,2701AH,3,7
0000000548,2702AE,2,2
0000000549,458197,3,10
0000000550,270226,1,3
0000000550,270235,1,10
0000000551,267108,3,10
0000000552,265122,3,8
0000000553,2915010003,1,6
0000000553,2945000005,1,2
0000000554,270203,2,4
0000000555,266032,3,4
0000000555,2702B8,1,2
0000000556,4916041701,4,10
0000000557,265222,4,7
0000000558,2116021701,5,2
0000000558,2767IH,3,4
0000000558,2843B6,3,6
0000000559,2702B5,5,6
0000000560,267146,3,10
0000000560,284246,3,4
0000000561,270144,4,5
0000000561,465261,1,7
0000000562,267296,3,3
0000000562,2865S4,1,6
0000000563,26528J,1,2
0000000564,2115020691,3,9
0000000564,266332,1,10
0000000565,2126020201,3,10
0000000566,270390,5,2
0000000567,2126030201,3,9
0000000567,4126041201,1,10
0000000568,2137011601,1,1
0000000568,270125,4,4
0000000569,2114020391,3,1
0000000569,2865PD,5,1
0000000570,270284,4,2
0000000571,418303,4,1
0000000572,8010,3,4
0000000573,2844A4,5,10
0000000574,284311,5,2
0000000575,2114011201,3,9
0000000576,266574,1,5
0000000577,2702AF,5,8
0000000577,270333,2,4
0000000578,2415000121,1,6
0000000579,2701C2,2,4
0000000580,2843S1,5,4
0000000581,458247,3,4
0000000582,2843S1,4,10
0000000583,26556N,1,8
0000000584,2701AY,2,1
0000000585,2843C7,3,6
0000000586,270398,3,1
0000000587,2701B8,1,5
0000000587,2702AN,3,4
0000000587,2845B2,2,5
0000000588,2703AN,3,4
0000000589,27654U,1,2
0000000590,2703AL,2,3
0000000590,418101,3,8
0000000591,267121,1,8
0000000592,265481,5,8
0000000593,267356,5,4
0000000593,270361,1,5
0000000594,270211,4,6
0000000595,267592,4,7
0000000596,284495,3,9
0000000597,2702AI,5,1
0000000597,284272,5,3
0000000598,2147020101,5,1
0000000598,458247,3,8
0000000599,2845A5,3,3
0000000600,267045,2,9
0000000600,267496,2,2
0000000600,270232,5,5
0000000600,270238,3,10
0000000601,284495,3,3
0000000602,2701AF,1,9
0000000602,284216,2,7
0000000603,270346,1,8
0000000604,2213010301,1,3
0000000605,284343,1,7
0000000605,2844S4,1,4
0000000606,2115030301,1,2
0000000606,2125040591,1,5
0000000606,27654U,1,10
0000000607,2843A8,4,5
0000000608,2126020191,3,3
0000000609,2665AK,3,1
0000000609,267496,4,10
0000000610,2915020090,3,9
0000000611,2703C6,3,9
0000000611,2945000108,4,5
0000000612,267321,5,5
0000000613,270370,1,4
0000000613,2703BE,1,1
0000000614,2114050101,4,2
0000000614,270199,5,5
0000000615,284495,5,7
0000000616,284491,2,1
0000000617,2916010004,1,6
0000000618,26537H,4,5
0000000619,2127040791,1,5
0000000620,286300,1,7
0000000621,267321,4,3
0000000622,458298,4,7
0000000623,270245,3,1
0000000623,2843A9,5,2
0000000624,2844B5,5,2
0000000625,2124021091,1,6
0000000626,2703A5,2,5
0000000627,4916040009,3,1
0000000628,270244,4,1
0000000628,270290,4,5
0000000629,2844B5,2,6
0000000630,267548,4,2
0000000630,458532,4,4
0000000631,270204,5,9
0000000632,286594,3,3
0000000633,2111021801,3,1
0000000633,2843B8,2,8
0000000634,458436,5,9
0000000635,2701AF,3,7
0000000636,284344,1,5
0000000637,270242,5,2
0000000638,2703B9,3,5
0000000639,2126040601,4,5
0000000639,270453,3,1
0000000640,270320,4,7
0000000640,458524,4,3
0000000641,2125040101,4,5
0000000642,267380,4,8
0000000643,2212012401,1,10
0000000644,4916040010,1,1
0000000645,266520,5,9
0000000646,2702A2,4,1
0000000646,284341,3,6
0000000646,4137050201,2,9
0000000647,267151,5,10
0000000648,2127050201,1,2
0000000648,2916210001,5,4
0000000648,4137050201,2,7
0000000649,2115023601,5,10
0000000649,286DK1,5,7
0000000650,284193,2,5
0000000651,267434,2,10
0000000651,2916010002,5,9
0000000652,270241,1,10
0000000652,2917020005,5,6
0000000653,4127050301,1,4
0000000654,2137020101,1,8
0000000655,4916040014,5,8
0000000656,26544G,3,10
0000000657,458350,4,7
0000000658,267317,2,1
0000000659,4122041101,1,1
0000000660,26524F,4,5
0000000661,2842B6,4,2
0000000662,267045,2,2
0000000663,2701BG,3,2
0000000664,265121,4,1
0000000664,2845S6,4,2
0000000665,270311,4,2
0000000665,458437,1,2
0000000666,284341,1,3
0000000667,267441,1,2
0000000668,284148,5,1
0000000669,266274,5,8
0000000670,266547,1,4
0000000671,2117020701,3,10
0000000672,2147022601,5,2
0000000673,284311,5,4
0000000674,2701AI,5,2
0000000674,2842A4,2,8
0000000675,2662A4,3,5
0000000676,4916040018,3,10
0000000677,267394,5,6
0000000678,458440,5,5
0000000679,2127040301,1,9
0000000680,2702AQ,3,2
0000000681,2116050101,3,10
0000000682,2117021501,2,3
0000000683,2912020003,2,10
0000000683,2945000103,4,6
0000000684,2415000119,5,6
0000000685,270347,4,2
0000000685,4126041201,1,4
0000000686,267456,4,1
0000000687,2125024001,3,6
0000000687,2701BG,2,8
0000000688,267196,3,5
0000000689,2117030391,2,3
0000000690,270391,2,7
0000000690,270399,3,4
0000000690,458299,5,2
0000000691,2132020101,1,3
0000000691,26515L,4,9
0000000692,270256,3,5
0000000693,270267,5,4
0000000694,2116050101,4,3
0000000695,458325,3,6
0000000696,267377,4,4
0000000697,284398,4,3
0000000698,270218,2,3
0000000699,2703AL,2,6
0000000700,267426,1,7
0000000701,2145020101,2,9
0000000701,286878,2,4
0000000702,284192,4,7
0000000702,2912010001,2,6
0000000703,2845S3,5,5
0000000704,267205,2,3
0000000704,2844S1,1,4
0000000705,267548,4,4
0000000706,270153,5,6
0000000707,26512A,3,1
0000000708,2652BE,5,1
0000000709,284144,4,8
0000000710,2212010301,4,3
0000000710,284491,2,5
0000000711,26552D,3,6
0000000712,284442,4,8
0000000713,458523,4,1
0000000714,418101,3,7
0000000715,267143,1,7
0000000716,2111011591,1,6
0000000716,2914020003,1,7
0000000717,266374,1,8
0000000718,267307,4,4
0000000719,265223,3,5
0000000719,2862Y3,1,5
0000000720,2917020006,3,1
0000000721,458446,3,5
0000000722,267577,3,8
0000000723,2917010002,3,10
0000000724,270226,4,5
0000000724,2702AE,3,1
0000000725,2112030801,1,9
0000000726,26524I,1,9
0000000727,2114031091,5,3
0000000728,2114011201,3,2
0000000729,266547,5,5
0000000730,2147022601,2,3
0000000730,266247,3,8
0000000730,270208,1,6
0000000731,2126023191,5,9
0000000732,284444,1,5
0000000733,2125024001,4,2
0000000734,266347,1,5
0000000734,284521,5,4
0000000735,2111011591,5,8
0000000736,2842A1,2,5
0000000737,2702B5,5,7
0000000737,418008,5,2
0000000737,4916040010,2,3
0000000738,26524I,5,2
0000000738,418011,5,2
0000000739,284126,5,2
0000000740,265223,2,8
0000000740,458201,2,8
0000000741,270365,1,10
0000000742,458436,5,10
0000000743,267153,3,1
0000000744,265221,3,5
0000000745,270189,4,6
0000000745,2703AX,1,1
0000000745,458434,4,3
0000000746,265428,3,5
0000000746,2702BP,1,8
0000000747,266217,5,3
0000000748,284101,1,10
0000000748,2912010001,2,2
0000000749,265229,5,6
0000000750,4917040002,1,2
0000000751,26542E,5,3
0000000751,267496,1,4
0000000752,270228,4,4
0000000753,267180,4,5
0000000754,2144021691,5,7
0000000754,266232,5,4
0000000754,266346,4,4
0000000755,2115023601,1,7
0000000756,276F8N,2,8
0000000757,286ECD,2,4
0000000758,284344,2,10
0000000758,458341,4,2
0000000759,2213010301,3,3
0000000760,26522A,2,5
0000000760,267334,4,8
0000000761,2126024001,5,9
0000000761,2844A8,5,9
0000000762,465281,3,10
0000000763,2144020101,5,4
0000000764,2112021801,2,1
0000000764,2147020801,3,9
0000000765,270194,2,3
0000000766,270116,2,9
0000000767,2127020201,1,9
0000000767,2915030002,5,7
0000000768,2147020401,1,5
0000000769,270365,2,8
0000000770,284192,4,5
0000000771,2137020101,3,8
0000000771,458197,4,9
0000000772,4916040009,2,5
0000000773,418010,5,5
0000000774,4127041201,1,6
0000000775,284246,3,5
0000000775,458197,3,9
0000000776,2213010301,2,1
0000000776,418001,5,10
0000000777,270165,1,9
0000000777,270360,5,9
0000000777,418012,5,6
0000000778,2842C1,5,5
0000000778,458201,2,8
0000000778,458541,4,5
0000000779,458424,1,3
0000000780,284341,1,3
0000000781,458296,3,5
0000000782,267013,3,4
0000000782,267277,3,8
0000000783,2703A7,4,7
0000000784,2662A4,1,2
0000000784,2917010003,1,1
0000000785,458047,5,3
0000000786,267442,1,7
0000000786,270153,5,7
0000000786,2914010016,4,6
0000000787,267011,2,3
0000000787,2915010019,5,9
0000000788,270203,1,3
0000000788,270314,2,10
0000000789,2703A8,5,7
0000000790,270247,2,8
0000000791,2116011201,5,4
0000000792,267494,1,6
0000000792,284262,2,8
0000000793,270221,5,3
0000000793,458249,5,3
0000000794,2126020191,4,3
0000000795,26544F,5,9
0000000796,270230,3,3
0000000797,4127041401,1,2
0000000798,2114031091,5,5
0000000799,2115020501,4,6
0000000799,267178,5,1
0000000800,2701AF,2,7
0000000800,458148,1,5
0000000801,2844A1,3,6
0000000802,2127020401,1,8
0000000802,2867AE,1,8
0000000803,2844B4,1,1
0000000804,2126040591,4,7
0000000804,2845930002,2,5
0000000805,2145020201,3,9
0000000806,26548J,3,10
0000000807,458325,4,10
0000000808,26522E,3,5
0000000808,267181,2,2
0000000809,2911020003,1,1
0000000810,266220,3,8
0000000810,4585300002,4,9
0000000811,284215,2,8
0000000812,270199,2,7
0000000813,270160,5,10
0000000814,2117021501,2,10
0000000814,458147,1,4
0000000815,26552E,2,9
0000000816,2211012301,1,3
0000000816,2702BF,3,4
0000000817,265229,1,8
0000000818,284472,4,8
0000000819,458197,5,8
0000000820,2137011601,1,1
0000000821,2701AF,5,10
0000000822,26522C,5,6
0000000823,2703AT,3,4
0000000824,2662A3,1,1
0000000825,267546,3,1
0000000826,458148,1,4
0000000827,2701BE,1,4
0000000828,2126030101,1,1
0000000829,26552C,3,2
0000000830,2701B7,1,5
0000000831,270316,2,10
0000000832,26524I,3,9
0000000833,2845A5,3,8
0000000834,2115021701,5,10
0000000835,270226,5,1
0000000835,270280,5,10
0000000835,2917020005,1,3
0000000836,458421,5,5
0000000837,2112021301,3,3
0000000837,270127,4,8
0000000837,270327,5,10
0000000837,458521,4,1
0000000838,267445,3,3
0000000839,270263,3,6
0000000839,2843A2,5,3
0000000839,2914020013,2,9
0000000840,267125,3,4
0000000841,284143,1,5
0000000842,270250,3,2
0000000843,267296,3,2
0000000844,2845C2,2,8
0000000845,4916040011,4,7
0000000846,284495,4,4
0000000847,276EDL,4,2
0000000848,270276,4,10
0000000848,284318,4,7
0000000849,2212010201,1,4
0000000850,270232,5,3
0000000851,26515L,4,10
0000000851,286594,1,9
0000000852,2144022601,4,10
0000000852,2662A4,3,10
0000000853,270130,4,7
0000000854,2116020501,2,4
0000000854,2843S2,4,2
0000000855,270211,4,1
0000000856,267292,4,10
0000000857,2701C4,4,4
0000000858,2144020391,4,7
0000000859,267042,5,2
0000000860,2703AT,3,4
0000000860,2869UL,4,2
0000000861,2125041401,4,2
0000000862,270103,4,7
0000000863,2652BE,4,5
0000000864,2126020191,1,4
0000000865,2663A7,1,5
0000000865,286594,3,9
0000000866,265481,1,5
0000000867,2914020003,2,7
0000000868,265481,2,1
0000000869,2127040301,1,8
0000000870,2702BO,4,1
0000000871,296384,4,5
0000000872,2701BG,3,5
0000000873,267291,3,6
0000000874,2112020501,5,1
0000000875,284145,2,8
0000000876,26512C,3,8
0000000877,2703AN,1,2
0000000877,2865B4,2,5
0000000878,2126023191,3,10
0000000878,284362,3,4
0000000878,2845B6,4,1
0000000879,267322,2,6
0000000879,2916021801,5,7
0000000880,2703AA,4,4
0000000880,2945000108,4,3
0000000881,267148,5,8
0000000882,2415070102,3,1
0000000882,2702BG,5,10
0000000883,267454,2,4
0000000884,270231,2,8
0000000885,2125040491,1,2
0000000885,2842A9,2,6
0000000886,2703AR,1,7
0000000887,2845A5,3,7
0000000888,2116021701,5,10
0000000889,2844160000,3,1
0000000890,270323,2,4
0000000891,284495,4,10
0000000892,2702AH,3,5
0000000893,2702AZ,4,10
0000000894,26522E,4,6
0000000895,284196,1,7
0000000896,2863V1,4,5
0000000897,284450,1,8
0000000898,2415000119,2,6
0000000899,4122041101,2,5
0000000900,2112020401,3,3
0000000900,2703AN,5,8
0000000900,284372,3,1
0000000901,26522D,3,9
0000000902,458420,4,10
0000000903,2914020014,1,4
0000000904,270109,2,4
0000000905,270376,3,1
0000000906,270127,4,6
0000000907,4127041401,1,5
0000000908,267316,5,8
0000000909,2213010301,5,8
0000000910,2863CA,5,9
0000000911,2116020391,3,4
0000000912,286ECD,2,1
0000000913,267401,1,5
0000000913,2916010002,3,1
0000000914,2213013691,3,1
0000000915,267148,3,1
0000000916,265226,3,8
0000000917,267425,3,7
0000000918,267402,5,3
0000000919,284444,3,3
0000000920,2125040801,5,8
0000000921,2844A4,3,4
0000000922,270154,1,4
0000000922,284593,5,2
0000000923,2125022191,3,10
0000000923,2703BG,4,10
0000000924,265322,4,4
0000000925,267280,3,8
0000000926,284315,3,8
0000000927,270320,2,10
0000000928,267256,2,2
0000000929,270308,1,9
0000000929,2917020006,5,6
0000000929,4137050201,2,7
0000000930,270150,3,2
0000000931,2702B6,3,7
0000000932,2127020901,1,6
0000000933,2115020691,2,10
0000000934,4136050291,4,6
0000000935,2124020101,1,1
0000000935,2125040801,4,5
0000000935,267422,1,1
0000000936,270104,5,4
0000000937,458345,5,9
0000000938,2147020401,4,7
0000000939,458347,4,3
0000000940,270390,2,8
0000000941,26552A,1,6
0000000941,276GDS,3,3
0000000942,270150,4,3
0000000943,2911020003,3,10
0000000943,4915040005,5,10
0000000944,270381,3,5
0000000945,2703AF,3,1
0000000946,26512C,2,4
0000000947,26554F,3,5
0000000948,2115030391,1,9
0000000948,2914020092,1,1
0000000949,270217,5,8
0000000950,2911020003,3,9
0000000951,2112030801,2,5
0000000952,270126,4,7
0000000953,284295,5,5
0000000954,270206,4,1
0000000954,418007,5,3
0000000955,270330,3,1
0000000956,2124020301,1,5
0000000956,267042,3,6
0000000956,284109,1,8
0000000957,284145,5,2
0000000958,26522A,5,6
0000000959,2125020901,2,6
0000000959,458147,2,3
0000000960,267473,2,10
0000000960,2914020003,3,9
0000000961,2117022201,3,7
0000000962,267226,3,10
0000000963,265527,4,3
0000000964,267592,4,4
0000000964,2703AA,4,6
0000000965,267196,1,8
0000000966,458446,4,1
0000000967,265A29,5,4
0000000967,2664A4,2,3
0000000968,270175,2,5
0000000969,2917020006,4,10
0000000970,270332,5,1
0000000971,267205,2,7
0000000972,270365,3,5
0000000973,2117050201,4,4
0000000973,458299,5,9
0000000974,267446,1,10
0000000974,8001,3,2
0000000975,4916040018,5,7
0000000976,265529,5,10
0000000977,270236,2,3
0000000977,458437,1,7
0000000978,2702BF,3,5
0000000979,267280,3,3
0000000979,284303,2,4
0000000980,2114010601,2,8
0000000980,270256,3,1
0000000981,2213010301,5,4
0000000982,2145020801,1,9
0000000983,270132,5,7
0000000984,284545,3,2
0000000984,4127041601,1,9
0000000985,26552D,4,1
0000000985,284143,3,9
0000000985,458428,1,7
0000000985,465261,5,2
0000000986,270326,3,7
0000000987,267148,2,6
0000000988,2843B5,3,1
0000000989,284499,4,5
0000000990,2703B5,2,8
0000000991,270294,2,4
0000000991,2843C2,3,2
0000000992,2147020801,4,4
0000000993,2124020301,1,4
0000000993,2702AY,5,2
0000000994,2125040201,2,3
0000000994,465261,4,1
0000000995,267012,2,9
0000000995,270142,5,7
0000000996,2127022501,1,4
0000000997,270322,5,9
0000000997,284544,3,6
0000000998,2844B5,2,9
0000000999,2915010012,3,7
0000001000,2662A7,5,1
0000001001,2662A3,4,9
0000001002,4126050301,1,2
0000001003,284396,4,5
0000001004,2114021201,2,7
0000001004,2144020201,3,7
0000001005,26558J,4,6
0000001006,267178,2,1
0000001006,267341,5,4
0000001006,2702AK,5,4
0000001007,270199,5,1
0000001007,2767IH,3,8
0000001008,2135000001,2,10
0000001009,2111011591,3,7
0000001009,26504C,2,5
0000001009,2915010003,1,4
0000001010,2126023401,5,10
0000001010,458147,2,7
0000001011,270185,1,10
0000001012,270126,5,8
0000001013,2115023601,3,9
0000001014,26504C,1,3
0000001015,2127021001,1,2
0000001016,267226,3,2
0000001017,265227,1,1
0000001017,270371,5,5
0000001018,2112020601,1,10
0000001019,2112020601,3,6
0000001020,26514F,2,2
0000001020,265321,4,10
0000001021,270289,4,10
0000001022,2136011602,1,1
0000001023,2136011602,3,3
0000001023,267047,3,5
0000001024,284101,4,9
0000001025,2115021301,2,6
0000001026,2125040301,4,3
0000001026,267246,3,8
0000001026,270390,1,1
0000001027,2125041401,5,2
0000001028,466301,1,5
0000001029,270154,1,2
0000001030,270176,4,7
0000001031,2115030201,3,3
0000001032,270130,5,9
0000001032,2844B3,5,10
0000001033,2843A2,2,9
0000001033,284593,5,7
0000001034,296001,3,10
0000001035,265227,1,10
0000001035,458343,3,6
0000001036,267014,4,3
0000001037,270338,5,3
0000001038,2703BG,4,8
0000001039,2701AF,3,4
0000001040,2843A2,1,9
0000001041,2842C9,5,2
0000001042,270138,4,1
0000001042,2842080002,2,10
0000001043,4126040201,2,4
0000001044,267534,5,1
0000001045,2147020301,5,1
0000001045,284348,4,6
0000001046,418301,5,5
0000001047,2125040101,1,1
0000001048,2115024801,2,6
0000001049,2125022191,3,9
0000001049,266317,4,7
0000001049,284273,3,5
0000001050,284126,1,10
0000001051,270159,1,8
0000001052,2127040901,1,2
0000001053,2114020291,3,10
0000001054,286D0B,5,2
0000001055,2701AE,1,3
0000001056,2702A1,5,1
0000001057,2212010191,3,4
0000001058,213006,3,2
0000001059,2116020201,3,2
0000001060,2844C6,2,5
0000001060,2914010018,5,10
0000001061,270291,2,7
0000001061,270330,3,6
0000001062,26512A,3,7
0000001063,2126050201,3,3
0000001063,270161,1,10
0000001064,284452,1,4
0000001065,265428,4,1
0000001066,267191,2,3
0000001066,270161,1,7
0000001067,270261,3,4
0000001068,284302,5,5
0000001069,2126024001,5,10
0000001069,270388,5,5
0000001069,2865B4,1,1
0000001070,466301,1,4
0000001071,265321,5,5
0000001071,267125,3,10
0000001072,284142,5,5
0000001072,296001,2,5
0000001073,265228,5,3
0000001074,267551,4,3
0000001074,2702A7,4,7
0000001075,265228,4,6
0000001076,270389,4,10
0000001077,267551,4,4
0000001078,2132023703,3,3
0000001079,2917021801,3,2
0000001080,2114031091,5,9
0000001081,2127020201,1,8
0000001081,270238,3,5
0000001082,296343,4,8
0000001083,26515L,3,6
0000001083,270250,5,1
0000001083,270330,5,3
0000001084,284304,1,9
0000001085,270239,1,10
0000001086,267281,5,8
0000001087,2842A6,5,7
0000001088,2701AV,4,6
0000001089,2701AM,4,5
0000001090,2115023601,3,8
0000001091,26552C,1,5
0000001092,2701AB,1,2
0000001093,2844C8,4,8
0000001094,2702AX,1,3
0000001095,2147022301,1,1
0000001096,267142,5,4
0000001097,2767JU,2,7
0000001098,270226,5,1
0000001099,2845S2,5,8
0000001100,284341,1,10
0000001100,2845C2,2,10
0000001101,2114020401,1,3
0000001102,2843080002,1,3
0000001102,2845A2,2,7
0000001103,284346,3,8
0000001104,2415070102,3,1
0000001104,2702AZ,3,4
0000001104,2703AZ,2,10
0000001105,2125040101,4,3
0000001105,284193,2,6
0000001106,458496,4,6
0000001107,2125040901,2,10
0000001107,286300,1,2
0000001108,270286,4,4
0000001109,267478,4,4
0000001110,284372,1,10
0000001111,2703BC,3,8
0000001112,270361,5,8
0000001113,2111011591,1,8
0000001114,267242,4,8
0000001115,276FSH,2,3
0000001115,284126,5,9
0000001116,2916020010,1,1
0000001117,267001,2,3
0000001118,284302,3,7
0000001119,270305,4,6
0000001120,284472,4,3
0000001121,296343,4,2
0000001122,2115020501,3,10
0000001122,2147020101,2,6
0000001123,2702AF,4,9
0000001124,284363,4,8
0000001125,284247,5,2
0000001126,4916040017,4,7
0000001127,284362,3,3
0000001128,284593,5,7
0000001129,26537H,4,5
0000001130,270139,1,9
0000001131,270242,5,5
0000001131,28668C,1,4
0000001131,458496,1,2
0000001132,2662A7,2,1
0000001133,270161,1,5
0000001134,267102,2,2
0000001134,284302,1,9
0000001135,284318,3,7
0000001136,284372,5,4
0000001137,270390,5,4
0000001138,270124,2,3
0000001139,265527,4,7
0000001139,2665A7,1,10
0000001139,270320,1,1
0000001140,270281,3,7
0000001141,2126040401,4,6
0000001141,270361,4,4
0000001142,267425,4,8
0000001142,284040,5,4
0000001143,267451,4,9
0000001143,284252,3,5
0000001144,267556,2,5
0000001144,2865B4,2,8
0000001145,267174,5,4
0000001146,2134020101,3,5
0000001146,270151,1,9
0000001146,270217,5,4
0000001147,286056,1,1
0000001148,267492,1,3
0000001149,2702AF,5,7
0000001150,284341,1,10
0000001150,2843C9,5,6
0000001151,2914020003,1,6
0000001152,265A29,4,5
0000001153,270299,1,10
0000001154,2916021801,1,4
0000001155,284297,5,9
0000001156,270307,2,1
0000001157,2703AN,2,4
0000001158,296002,5,2
0000001159,265527,3,5
0000001159,2702AF,5,2
0000001160,266474,3,5
0000001160,2845S2,5,8
0000001160,4122041101,4,6
0000001161,270245,3,8
0000001161,2916010002,5,2
0000001162,267126,2,9
0000001162,284310,1,9
0000001163,2917020006,4,6
0000001164,270144,4,10
0000001165,2127040901,1,6
0000001166,2144020201,5,4
0000001167,266547,4,6
0000001168,2125040601,4,10
0000001169,267254,4,1
0000001169,2767JU,1,8
0000001170,270380,5,6
0000001171,270165,3,5
0000001172,458148,1,7
0000001173,270110,1,10
0000001174,2114020501,1,6
0000001175,2662A7,4,6
0000001175,284173,5,2
0000001176,2702AF,2,6
0000001177,2117020501,1,9
0000001177,2767JU,4,1
0000001178,270249,3,6
0000001178,2917020005,4,9
0000001179,270138,2,8
0000001180,265529,1,7
0000001181,270204,5,3
0000001182,2111011591,1,10
0000001183,270211,4,6
0000001183,4122041101,4,3
0000001184,2914020013,3,9
0000001184,4137050201,2,4
0000001185,270199,2,4
0000001186,265428,4,5
0000001186,270253,4,9
0000001187,270294,2,1
0000001188,418301,5,7
0000001189,265528,1,8
0000001190,2845B3,2,1
0000001191,2702AX,1,9
0000001192,267522,5,4
0000001192,2844160000,2,2
0000001193,2114011201,3,4
0000001193,265223,2,5
0000001193,2701A9,4,3
0000001194,284145,5,10
0000001195,2117020791,3,9
0000001195,265A29,5,3
0000001195,4126041801,3,6
0000001196,2144021691,4,1
0000001197,2117030901,4,1
0000001198,4126041201,3,9
0000001199,2127021001,1,9
0000001200,26534G,4,2
0000001201,2915020090,3,7
0000001202,2127024891,2,5
0000001202,270303,2,5
0000001203,284145,4,1
0000001204,2701AQ,3,10
0000001204,458197,1,4
0000001205,284524,5,10
0000001206,2147020301,1,10
0000001206,2702B5,2,10
0000001207,266574,5,7
0000001207,267045,1,10
0000001208,2144022301,4,7
0000001209,26552C,1,9
0000001210,265323,1,1
0000001210,284407,4,2
0000001211,2111011591,4,10
0000001212,284209,2,2
0000001213,2115030301,3,5
0000001214,270276,5,10
0000001215,267378,3,3
0000001215,4915040005,5,9
0000001216,284593,5,8
0000001217,284341,1,6
0000001218,2144020101,3,4
0000001219,2702BL,4,10
0000001220,2117020391,3,3
0000001221,270250,5,7
0000001222,2844B3,5,8
0000001223,270199,4,2
0000001223,2701B7,1,6
0000001224,265322,1,5
0000001225,28668C,1,8
0000001226,2211010301,4,8
0000001226,26554G,1,9
0000001226,2662A7,2,6
0000001227,265225,4,5
0000001228,270176,3,4
0000001229,270376,3,8
0000001230,2127023391,1,6
0000001231,2701C6,3,4
0000001232,2125040101,1,8
0000001232,2843B3,4,7
0000001233,270176,2,3
0000001234,2115020501,5,7
0000001234,2701B9,3,2
0000001235,2115022201,1,10
0000001235,2914020013,3,6
0000001236,2127040491,1,3
0000001237,2134020101,5,2
0000001237,267342,5,6
0000001237,2867II,2,9
0000001237,2916020010,1,2
0000001238,4125041801,5,10
0000001239,270350,4,2
0000001240,26556N,2,7
0000001241,270153,5,1
0000001242,2702AE,1,9
0000001243,284214,2,6
0000001243,4125041501,5,6
0000001244,265A29,2,8
0000001245,2844A9,3,9
0000001246,270322,5,6
0000001247,2147021601,3,7
0000001247,266517,1,7
0000001248,2914030003,3,7
0000001249,267194,3,8
0000001250,2115040101,1,7
0000001250,2702AE,5,6
0000001251,2115050101,1,3
0000001252,270281,3,9
0000001253,2127040901,1,10
0000001253,213027,2,7
0000001253,2701AN,5,9
0000001254,2125022191,1,9
0000001254,270340,5,1
0000001255,2701A4,1,4
0000001255,2912010003,4,7
0000001256,270150,1,2
0000001257,266346,4,9
0000001257,458346,1,7
0000001258,2915010006,2,10
0000001258,458350,4,5
0000001259,4917040092,1,3
0000001260,284206,5,10
0000001261,2665AK,4,9
0000001262,265224,1,8
0000001263,2111021801,3,7
0000001264,267342,5,2
0000001265,2144022601,3,3
0000001266,270190,2,9
0000001267,2125040901,3,1
0000001268,2126023201,5,9
0000001269,213006,1,10
0000001269,2701AE,3,1
0000001270,2125020301,5,4
0000001271,2137020101,2,6
0000001271,2144022601,4,10
0000001272,2844160000,5,9
0000001272,458433,4,6
0000001273,270390,3,2
0000001273,2845S3,5,9
0000001274,266220,2,8
0000001275,266520,2,1
0000001275,418001,5,5
0000001276,2117030901,4,8
0000001277,2911010001,3,10
0000001278,270210,1,2
0000001279,26522D,4,6
0000001280,2126040401,4,7
0000001281,26526N,1,6
0000001282,2126023191,4,5
0000001283,458446,1,5
0000001284,2124023401,1,3
0000001285,458325,1,2
0000001286,2843A7,3,4
0000001287,4916040007,4,6
0000001288,26554G,2,9
0000001289,2147020101,2,5
0000001290,266517,2,8
0000001291,2844080002,4,1
0000001292,2945000103,2,6
0000001293,266232,1,8
0000001293,284218,2,9
0000001294,2213010201,1,1
0000001295,267549,4,10
0000001296,2115022201,1,7
0000001296,26526N,4,7
0000001296,267342,2,7
0000001297,2145020101,2,9
0000001298,267351,5,9
0000001298,2703AF,1,4
0000001299,284541,3,2
0000001300,267473,3,10
0000001301,2844B8,3,1
0000001302,267143,1,9
0000001303,2144020391,5,10
0000001303,4916040011,3,5
0000001304,2915023901,1,1
0000001305,267126,4,8
0000001306,2125023401,3,10
0000001306,2127040901,1,5
0000001307,2125022191,4,8
0000001307,270349,3,6
0000001308,2125022401,1,6
0000001309,213006,4,9
0000001310,265225,4,5
0000001311,26554F,1,9
0000001312,2914010018,5,8
0000001313,2702AW,1,10
0000001314,267256,2,3
0000001315,466501,3,10
0000001316,2147022601,2,10
0000001317,2915010016,2,9
0000001318,2116030291,3,9
0000001319,270286,4,6
0000001320,2115023601,5,6
0000001321,458428,1,4
0000001322,284573,3,8
0000001323,2844B4,1,2
0000001324,267321,1,6
0000001325,2145020801,1,2
0000001326,458438,5,2
0000001327,265428,2,9
0000001328,270370,1,9
0000001329,2702A2,4,3
0000001330,4916040009,5,7
0000001331,284205,5,7
0000001332,2702AW,4,5
0000001332,284307,5,4
0000001333,4126041801,3,9
0000001334,2126022401,1,9
0000001335,267402,5,3
0000001335,267573,5,1
0000001335,284101,2,4
0000001336,2702C2,2,3
0000001337,270225,4,3
0000001338,2124020991,1,4
0000001339,266247,2,3
0000001339,466501,5,1
0000001340,2114020101,2,9
0000001340,2116030691,1,8
0000001341,270363,1,3
0000001342,266220,3,1
0000001343,2116050101,3,5
0000001344,270328,4,9
0000001345,284445,3,3
0000001346,284302,4,4
0000001347,458531,4,5
0000001348,266346,4,5
0000001349,213028,4,2
0000001350,2116021291,5,7
0000001351,276GDS,5,7
0000001352,267042,5,1
0000001352,270355,2,8
0000001353,296002,5,3
0000001354,2701B4,3,1
0000001354,270330,2,7
0000001355,270124,2,4
0000001356,2146020301,1,4
0000001357,26552D,5,9
0000001358,276FDN,5,2
0000001359,4916040018,1,4
0000001360,2116030691,1,1
0000001360,265581,4,3
0000001361,26528J,1,7
0000001362,270330,1,5
0000001362,2916010002,5,7
0000001362,458396,2,2
0000001363,2702BG,2,9
0000001364,267001,2,10
0000001365,265225,5,6
0000001366,2703AE,2,9
0000001367,26528J,4,4
0000001368,2111023601,5,10
0000001368,2702BE,1,10
0000001369,266574,5,5
0000001370,2147022601,2,3
0000001371,284508,5,10
0000001372,26522E,2,1
0000001373,265226,2,8
0000001374,266520,2,6
0000001375,2115020401,2,1
0000001376,2702AL,2,4
0000001377,266374,1,10
0000001377,2843A2,2,3
0000001378,270303,1,2
0000001379,270199,1,7
0000001379,284309,3,8
0000001380,2844C1,1,5
0000001381,2144022301,4,2
0000001381,284143,1,9
0000001382,267421,3,3
0000001383,2146022601,2,9
0000001384,267156,3,3
0000001384,2844S1,1,7
0000001384,458423,1,4
0000001385,270306,3,8
0000001385,284262,2,6
0000001386,2665A7,5,6
0000001386,2701AV,5,4
0000001387,2703AR,4,6
0000001388,2703AF,2,3
0000001389,270323,2,3
0000001390,270107,2,1
0000001391,2114020691,1,6
0000001392,2115030501,3,8
0000001393,4915010001,1,8
0000001394,2842C7,2,5
0000001395,284145,2,4
0000001396,2116020101,3,2
0000001397,2866HI,3,4
0000001398,2211014401,4,6
0000001398,270130,4,3
0000001399,26559M,3,6
0000001400,2702A2,4,2
0000001401,2912010002,4,3
0000001402,2701BN,1,1
0000001403,2144022301,3,4
0000001404,2111011591,4,8
0000001404,2917020005,2,3
0000001405,2111011591,2,4
0000001405,270266,2,10
0000001405,2867AE,1,5
0000001405,465281,2,4
0000001406,284196,5,3
0000001407,2115050101,2,7
0000001408,267526,3,10
0000001409,2911020002,3,9
0000001410,270299,4,4
0000001411,2211010301,2,3
0000001412,2124023191,1,6
0000001413,26504C,4,5
0000001414,284346,2,2
0000001415,2125040101,3,8
0000001415,2843A8,4,8
0000001416,2844160000,3,7
0000001417,4125041801,5,9
0000001418,265226,4,10
0000001419,2765TU,1,1
0000001420,286DW1,4,2
0000001421,266217,1,6
0000001421,418001,5,8
0000001422,2124030201,1,5
0000001422,26556N,2,6
0000001423,267045,4,4
0000001423,2703C4,4,3
0000001424,267425,2,7
0000001425,2117020701,3,7
0000001425,267433,4,9
0000001426,270116,2,4
0000001427,267591,3,5
0000001428,270285,1,5
0000001428,2703AW,3,6
0000001429,2914010017,1,2
0000001430,265229,2,4
0000001431,270297,2,1
0000001432,2117021201,2,10
0000001432,2126020191,2,7
0000001433,270247,3,8
0000001433,284345,1,3
0000001434,2125020401,2,8
0000001434,270238,5,5
0000001435,8010,3,8
0000001436,2844A1,3,5
0000001436,286056,4,10
0000001437,270199,2,7
0000001438,276JDG,1,7
0000001439,26534G,4,4
0000001440,266247,4,5
0000001441,2914010017,1,9
0000001442,270201,4,7
0000001443,2916010006,3,7
0000001444,2843A8,2,8
0000001445,2115020101,5,8
0000001445,458446,5,9
0000001446,2116020201,3,2
0000001447,267253,4,3
0000001447,276F8N,2,4
0000001448,265222,4,10
0000001448,266046,1,10
0000001449,265429,4,9
0000001449,458345,5,8
0000001450,2144020391,3,1
0000001451,26526N,2,8
0000001452,2114021201,2,7
0000001452,2144020401,2,8
0000001453,26522C,3,2
0000001453,270250,3,9
0000001454,2116022201,4,1
0000001454,2212012401,1,6
0000001454,2703AY,1,7
0000001454,2703B7,1,3
0000001455,2916010002,2,1
0000001456,270267,5,7
0000001457,270176,5,10
0000001458,2126023191,1,2
0000001459,267334,3,7
0000001460,270350,2,7
0000001461,284341,2,6
0000001462,270275,2,3
0000001463,267554,4,3
0000001463,270306,3,7
0000001464,2665A4,2,5
0000001464,2701AE,2,10
0000001465,2213013201,2,3
0000001465,266374,1,6
0000001466,286DW1,4,7
0000001467,2863CB,5,6
0000001468,284345,1,6
0000001468,2914010009,5,8
0000001469,2768IQ,3,10
0000001470,265322,3,10
0000001471,2126022501,3,10
0000001472,267546,3,1
0000001472,2845B3,2,6
0000001473,2701AV,3,1
0000001473,2843B3,4,10
0000001474,2147022601,2,9
0000001474,270217,5,5
0000001474,284508,5,4
0000001475,267102,2,6
0000001476,26552E,5,6
0000001477,270271,5,2
0000001478,284344,1,2
0000001479,266546,5,3
0000001479,270297,2,2
0000001479,466501,2,1
0000001480,2844A1,3,2
0000001480,2945000108,5,6
0000001481,2147020101,1,7
0000001482,284126,4,6
0000001483,267326,3,3
0000001484,265223,3,10
0000001485,270199,5,6
0000001485,2701B8,1,9
0000001486,2117020701,3,4
0000001487,270333,2,2
0000001488,2842C4,2,7
0000001489,266247,1,5
0000001490,2126022501,3,5
0000001490,270186,4,9
0000001490,284494,3,5
0000001491,2114010601,2,7
0000001491,284206,5,3
0000001492,2115030201,3,4
0000001493,270306,4,9
0000001494,284350,3,3
0000001495,2112020601,4,7
0000001496,4136050291,4,8
0000001497,458426,2,6
0000001498,267042,5,10
0000001499,276EDL,4,10
0000001500,2844B4,1,3
0000001501,4916040010,4,8
0000001502,2112030801,5,2
0000001502,284574,3,5
0000001503,270299,2,5
0000001504,26522D,5,5
0000001504,284593,5,4
0000001505,2914010020,5,4
0000001506,2703B3,3,5
0000001507,2703A3,2,6
0000001508,2112010701,2,8
0000001509,270259,1,10
0000001509,284548,5,10
0000001510,2701A9,4,9
0000001511,267153,3,2
0000001512,2845C4,2,5
0000001513,267593,3,4
0000001513,2702AZ,3,6
0000001514,276DCU,3,1
0000001515,2860I6,2,5
0000001516,270126,4,3
0000001516,284146,2,3
0000001517,284593,5,4
0000001517,4916040009,1,2
0000001518,26524F,4,4
0000001519,2116050101,2,1
0000001520,270363,4,1
0000001520,2915010002,2,7
0000001521,266220,2,10
0000001522,2703B5,3,4
0000001523,2212013101,1,7
0000001523,2844C7,3,7
0000001524,265321,5,2
0000001525,2126020191,3,2
0000001525,26504C,5,9
0000001526,266446,5,10
0000001527,284196,2,9
0000001528,2415070102,5,1
0000001529,2916010002,4,1
0000001530,2211010301,3,10
0000001531,284398,4,5
0000001532,284101,1,2
0000001532,2914020092,3,3
0000001533,26512C,4,9
0000001534,266432,1,10
0000001534,267246,3,4
0000001535,2144022601,3,5
0000001536,2663A7,1,4
0000001537,267012,1,10
0000001538,2912010002,4,9
0000001539,2126020191,2,9
0000001539,2126021001,1,5
0000001540,266420,3,9
0000001541,266320,4,4
0000001542,270266,2,7
0000001543,2915010004,4,1
0000001543,4137050201,5,7
0000001544,2112020401,3,5
0000001545,2845C8,2,3
0000001546,2842B7,5,10
0000001547,2703AN,3,7
0000001548,2117023601,5,8
0000001548,26548N,4,3
0000001548,267349,4,5
0000001548,458148,1,3
0000001549,270238,5,5
0000001550,2134020101,3,5
0000001550,266520,5,4
0000001551,2916010002,5,6
0000001552,2844A6,4,7
0000001553,265481,1,2
0000001553,2767JU,4,6
0000001554,26528J,4,4
0000001554,270390,3,2
0000001555,2845A8,2,7
0000001556,2862T3,1,6
0000001557,284415,4,5
0000001558,270363,5,6
0000001559,265224,5,4
0000001560,267345,4,1
0000001560,270323,2,6
0000001561,2144020401,3,8
0000001562,2114021891,3,5
0000001563,2144020391,1,4
0000001564,2862Y3,1,8
0000001565,26522A,2,5
0000001566,2125041101,3,10
0000001566,458325,4,7
0000001567,265223,1,3
0000001567,270103,5,10
0000001568,2111011591,1,8
0000001569,2702BL,4,8
0000001570,2702AM,4,7
0000001571,2702AZ,2,5
0000001572,2701AE,2,5
0000001573,26528J,2,9
0000001574,2125040791,3,3
0000001575,26512C,5,7
0000001576,270344,4,9
0000001576,2703AZ,3,8
0000001577,270269,4,4
0000001577,2865PD,5,4
0000001578,2702AN,4,10
0000001578,270320,1,7
0000001578,284248,5,4
0000001579,270250,5,3
0000001580,270306,3,3
0000001581,284296,5,9
0000001582,26548J,3,6
0000001583,458345,5,8
0000001584,2663A7,1,5
0000001585,2127023401,1,8
0000001585,270223,2,10
0000001586,265322,4,4
0000001587,2125020401,2,2
0000001588,2843B1,4,3
0000001588,4915040002,5,3
0000001589,2703A9,4,7
0000001590,270399,1,4
0000001590,458521,4,3
0000001591,2211010301,4,1
0000001592,2211010301,1,10
0000001593,2702BG,2,8
0000001593,270315,5,1
0000001594,2127040801,1,5
0000001595,2914020092,5,5
0000001596,2917010003,1,10
0000001597,265327,3,6
0000001598,266246,3,1
0000001598,2703AF,4,7
0000001599,266517,3,1
0000001600,265528,2,4
0000001601,2112020401,2,4
0000001601,2125040101,3,9
0000001601,26554F,4,5
0000001602,2125024001,5,4
0000001603,2415000107,4,6
0000001604,267196,3,3
0000001605,270354,1,7
0000001606,267377,3,7
0000001607,284308,3,5
0000001607,465262,5,3
0000001608,284109,3,6
0000001609,2701B3,3,9
0000001609,458439,2,9
0000001610,2132023703,3,8
0000001611,26558J,3,3
0000001612,2112021301,3,9
0000001613,2115020901,4,8
0000001613,2703AR,4,3
0000001614,284204,4,8
0000001614,2915010002,2,1
0000001615,266320,4,7
0000001615,284193,2,5
0000001616,2147020801,4,6
0000001617,267548,4,8
0000001617,2915010004,1,9
0000001618,265222,5,9
0000001618,2703AE,1,7
0000001618,2917030001,3,7
0000001619,2144020201,4,6
0000001619,2701AC,5,6
0000001619,2843S3,4,2
0000001620,4127041401,1,8
0000001621,2703AP,3,9
0000001622,2126023201,5,3
0000001622,270320,5,3
0000001623,284143,5,6
0000001624,2662A4,2,8
0000001625,2125022191,1,1
0000001625,4125041801,5,3
0000001626,2144020391,1,6
0000001626,2147020801,4,6
0000001627,270210,4,10
0000001627,8008,2,10
0000001628,2111011591,3,7
0000001629,2664A7,4,3
0000001629,270350,1,3
0000001630,270360,5,1
0000001630,2845S3,5,3
0000001631,2126024001,5,4
0000001632,2845080002,2,9
0000001633,2702AI,5,6
0000001634,26548J,4,5
0000001634,284318,1,5
0000001635,270132,5,5
0000001636,267441,1,4
0000001637,284149,4,8
0000001638,26542B,1,4
0000001639,296384,4,5
0000001640,267449,5,1
0000001641,26527H,1,9
0000001642,265581,1,2
0000001642,2843C1,4,8
0000001643,2843A5,3,6
0000001644,267334,3,10
0000001644,2843B4,1,1
0000001645,2125040101,5,10
0000001645,2126023191,2,7
0000001645,4127040401,1,8
0000001645,4137050201,4,10
0000001646,4916040018,1,9
0000001647,2702A4,1,4
0000001648,2124022401,1,7
0000001648,458147,2,8
0000001649,267496,1,2
0000001650,2127022501,1,5
0000001650,270153,1,10
0000001650,465281,5,5
0000001651,458147,1,8
0000001652,284226,4,1
0000001653,2124023191,1,8
0000001654,2844C1,1,9
0000001655,267192,3,9
0000001655,270126,5,5
0000001656,26518J,5,2
0000001656,267214,2,3
0000001657,284145,3,3
0000001658,266274,4,5
0000001659,458196,3,8
0000001660,2843B6,3,2
0000001661,2915020095,3,3
0000001662,267321,5,10
0000001663,2702BE,1,10
0000001664,2415000119,3,1
0000001664,284292,5,10
0000001664,4126050301,1,4
0000001665,2114020701,3,10
0000001665,270237,2,3
0000001665,458103,5,5
0000001666,2915010006,2,3
0000001667,2916020013,2,10
0000001668,270299,3,1
0000001669,2117020601,1,2
0000001670,270125,4,8
0000001670,270297,2,7
0000001671,2915020012,1,8
0000001672,2115031091,2,7
0000001673,2137020101,3,7
0000001674,2212013801,3,5
0000001674,270151,1,8
0000001675,270161,4,9
0000001675,270304,5,2
0000001676,267473,5,1
0000001677,2662A3,1,4
0000001678,26548N,4,4
0000001679,270306,2,2
0000001679,276FSH,2,9
0000001680,284450,3,10
0000001681,2112020401,3,7
0000001681,458397,1,2
0000001682,265128,2,10
0000001683,267449,5,1
0000001684,2126022501,3,6
0000001684,458345,5,3
0000001685,266574,4,2
0000001686,270361,2,3
0000001686,458434,4,10
0000001687,284291,4,2
0000001688,2125022191,4,3
0000001689,2916010008,5,5
0000001690,2917010001,1,6
0000001691,267322,2,1
0000001692,26512A,3,1
0000001693,2114011201,3,9
0000001694,26527G,1,10
0000001695,284009,5,10
0000001696,284250,2,9
0000001697,2703C1,3,3
0000001698,2146022601,2,9
0000001699,8001,3,9
0000001700,267448,4,2
0000001701,2115023601,4,10
0000001701,266417,2,7
0000001702,458345,5,3
0000001703,284143,1,10
0000001703,2843A2,4,8
0000001704,270220,2,2
0000001705,26537H,5,3
0000001705,26552D,2,8
0000001706,2137020101,5,8
0000001706,4916040009,1,9
0000001707,270138,2,1
0000001707,4434020002,3,9
0000001708,26556N,1,2
0000001709,265225,5,3
0000001710,4125041301,3,6
0000001711,284395,4,7
0000001711,458329,1,1
0000001712,2914020003,5,3
0000001713,2701B8,1,1
0000001713,458446,4,2
0000001714,267121,5,1
0000001715,296001,2,8
0000001716,4916040011,4,2
0000001717,2116020391,3,10
0000001717,2701B4,3,5
0000001717,2843B8,2,5
0000001718,2112021301,3,9
0000001719,270208,1,2
0000001719,270330,1,6
0000001720,2125040901,3,7
0000001720,2843S1,2,2
0000001721,2132020101,5,8
0000001722,2125041401,1,3
0000001722,2916010003,4,8
0000001723,267045,2,7
0000001723,458496,3,8
0000001724,2144020201,1,10
0000001725,2843B8,3,6
0000001726,2147022301,3,2
0000001726,284126,1,2
0000001727,458433,4,6
0000001728,2703BD,3,2
0000001729,267334,5,2
0000001730,270365,1,5
0000001731,270220,5,6
0000001732,2842C2,2,2
0000001733,270340,5,3
0000001734,270133,2,10
0000001735,2145022301,2,2
0000001736,2703C6,3,2
0000001737,2701BN,1,5
0000001737,270203,1,7
0000001738,270303,5,4
0000001738,2912020003,2,10
0000001739,458396,2,8
0000001740,270230,1,10
0000001741,265225,4,1
0000001742,2415070102,1,6
0000001743,267554,4,5
0000001743,270157,4,10
0000001743,2702AW,5,1
0000001744,270223,2,5
0000001745,2144020401,3,7
0000001745,284316,2,10
0000001746,270104,5,7
0000001746,458399,2,3
0000001747,2115021101,5,4
0000001747,267012,1,7
0000001748,265325,5,9
0000001749,2144020201,3,7
0000001750,267342,3,6
0000001751,2131011001,3,3
0000001752,2147020401,4,3
0000001752,2917030001,3,2
0000001753,265428,2,9
0000001754,2131011001,3,9
0000001754,267547,4,4
0000001755,458438,5,8
0000001756,2415000110,2,10
0000001757,2115050101,2,4
0000001757,458245,5,9
0000001758,270375,2,6
0000001759,2702A7,4,1
0000001759,2917010006,5,7
0000001760,458197,5,7
0000001761,267441,2,5
0000001762,2915010007,4,4
0000001763,270153,4,8
0000001764,2701AK,5,6
0000001765,2211010591,1,5
0000001766,2125022191,5,1
0000001767,26522C,3,9
0000001768,284314,1,4
0000001769,265529,4,3
0000001769,284307,5,4
0000001770,26512C,1,9
0000001771,2127050201,1,3
0000001771,267356,5,1
0000001772,2701A5,2,7
0000001773,267239,5,4
0000001774,286ACD,5,8
0000001775,284244,3,8
0000001776,2147022301,4,7
0000001777,2213014301,4,5
0000001777,267279,3,5
0000001778,270191,2,4
0000001779,270236,2,2
0000001779,2842A6,5,3
0000001780,2845A2,2,10
0000001780,286586,1,7
0000001781,26504C,4,7
0000001781,2703AZ,2,4
0000001782,2115021701,5,2
0000001782,2415000107,3,8
0000001783,265321,3,3
0000001784,270365,1,6
0000001785,267042,5,9
0000001785,2844160000,5,2
0000001786,2112030801,3,2
0000001786,2842C5,2,4
0000001786,2843B5,3,2
0000001787,2125023101,5,7
0000001787,213006,5,2
0000001788,2662A3,2,7
0000001789,2702AL,2,5
0000001790,26522E,1,9
0000001791,2213013101,1,9
0000001791,284243,5,6
0000001791,284372,5,2
0000001792,2124020201,1,1
0000001792,2147022301,4,7
0000001793,2844C2,1,3
0000001794,2845B5,5,4
0000001795,2114030601,3,1
0000001796,4916040010,2,5
0000001797,284296,5,6
0000001798,2124022401,1,2
0000001798,2147020401,5,10
0000001799,270150,3,2
0000001800,267239,5,2
0000001801,284040-1,4,2
0000001802,2844960002,3,2
0000001803,2701AV,4,1
0000001803,458550,4,7
0000001804,2125040101,2,5
0000001804,418201,4,3
0000001805,2125023101,2,4
0000001806,2915210008,5,4
0000001807,267334,4,8
0000001808,2117020101,2,8
0000001808,2127020501,1,1
0000001809,267177,4,10
0000001810,26552A,3,8
0000001811,276GDS,3,6
0000001811,465261,1,2
0000001812,270138,5,3
0000001813,265529,5,4
0000001813,270317,5,9
0000001814,26522C,5,8
0000001815,458347,4,4
0000001816,270136,2,5
0000001816,2915010020,2,4
0000001817,267143,1,4
0000001818,270320,3,6
0000001818,284143,3,6
0000001819,2843A8,3,7
0000001820,284545,3,6
0000001821,270218,2,7
0000001822,26527H,5,2
0000001823,2701AY,4,8
0000001824,284407,4,2
0000001825,270190,2,10
0000001825,458440,5,4
0000001826,4916040009,1,8
0000001827,2213010301,3,9
0000001828,284196,4,6
0000001829,2112020601,2,2
0000001829,284308,3,1
0000001830,267021,2,5
0000001830,2701AK,5,3
0000001831,270161,2,8
0000001832,2916010004,1,10
0000001833,2662A7,3,7
0000001833,458243,2,9
0000001834,2702AW,2,6
0000001835,2415000107,1,4
0000001836,267217,3,7
0000001836,2916010002,3,8
0000001837,265322,5,2
0000001838,284202,4,2
0000001839,2127021001,1,4
0000001840,266532,1,2
0000001841,267425,2,9
0000001842,270215,5,5
0000001843,2126023191,2,1
0000001844,267425,2,9
0000001845,2125024801,3,2
0000001846,26556N,3,1
0000001847,2843C5,2,7
0000001848,2114011501,5,7
0000001849,2124030201,1,1
0000001849,2844B5,5,2
0000001850,266532,3,7
0000001850,284250,2,10
0000001851,267141,3,3
0000001852,270276,3,3
0000001852,2844A4,5,3
0000001853,284346,1,5
0000001853,2917020098,3,5
0000001854,270201,4,9
0000001855,2115050201,2,6
0000001856,26537H,2,2
0000001856,270256,3,8
0000001857,270155,2,1
0000001858,2124020101,1,2
0000001859,270376,1,9
0000001860,2144020101,5,10
0000001861,458446,2,7
0000001862,267139,5,2
0000001863,284350,3,5
0000001864,26558J,5,10
0000001865,265228,5,3
0000001865,2914010019,5,6
0000001866,270247,3,9
0000001867,267377,1,7
0000001868,26504C,1,6
0000001869,458396,2,3
0000001870,26556N,4,5
0000001871,2144022601,5,7
0000001871,418007,5,5
0000001872,266046,1,3
0000001872,270368,3,3
0000001873,4916040001,5,2
0000001874,265481,4,1
0000001875,2116021291,5,7
0000001876,284108,3,7
0000001877,270322,5,10
0000001878,284302,4,5
0000001879,2703AY,4,6
0000001880,265225,5,9
0000001881,2702AE,4,2
0000001882,2663A7,2,10
0000001883,2125020291,5,1
0000001883,2126023191,2,2
0000001884,2702AP,3,1
0000001885,270208,1,2
0000001886,284311,5,2
0000001887,270247,2,1
0000001888,265321,1,4
0000001888,2702AW,4,3
0000001889,270210,5,5
0000001890,465262,1,10
0000001891,267107,2,1
0000001892,2115030501,3,10
0000001893,26554G,1,10
0000001893,270338,1,3
0000001894,458147,1,9
0000001895,284542,5,8
0000001896,458325,4,9
0000001897,266517,3,7
0000001897,270161,2,7
0000001898,2703AA,4,1
0000001899,284040-1,4,3
0000001899,458398,5,7
0000001900,2112030801,1,2
0000001901,2702A7,4,1
0000001902,2212010201,1,8
0000001902,270218,2,3
0000001903,2665A7,4,3
0000001904,2702A5,2,10
0000001905,26527H,5,8
0000001905,2703A3,2,3
0000001905,2842B1,4,8
0000001906,2702BD,3,5
0000001907,2701BF,3,3
0000001908,2147022601,3,1
0000001908,270150,4,6
0000001909,2144022301,1,1
0000001909,284318,2,10
0000001910,2914020092,5,8
0000001911,270162,2,5
0000001912,266217,1,6
0000001913,2664A4,2,1
0000001913,2702AE,1,5
0000001914,2843B1,4,6
0000001915,458147,1,2
0000001916,2703AE,2,10
0000001916,458420,4,8
0000001917,270358,5,3
0000001918,4127040401,1,10
0000001919,270243,5,4
0000001920,270128,4,1
0000001921,284318,1,6
0000001922,2703BG,1,8
0000001923,2114021201,2,4
0000001923,267012,5,4
0000001924,270203,2,9
0000001925,2702AM,4,1
0000001926,2701AV,2,2
0000001927,458550,4,7
0000001927,4916040009,3,3
0000001928,270220,5,5
0000001929,2127050201,1,6
0000001930,267216,3,10
0000001931,2125041401,3,6
0000001932,265428,5,5
0000001932,270288,5,3
0000001933,2842A7,3,1
0000001934,2914010014,4,8
0000001935,267245,2,4
0000001936,2701BF,3,2
0000001936,284151,4,7
0000001937,286370,4,2
0000001938,296002,4,4
0000001939,265227,5,3
0000001939,2863CA,5,5
0000001940,284307,5,3
0000001941,267178,2,4
0000001941,8001,3,8
0000001942,2843A8,2,6
0000001943,2916020015,4,6
0000001944,2125040801,2,8
0000001944,2912010002,4,9
0000001945,2702AY,2,3
0000001946,4917040005,1,4
0000001947,2213010301,3,3
0000001947,270226,5,8
0000001948,2126050201,3,3
0000001948,26558J,3,9
0000001949,2703AN,2,1
0000001949,466501,4,8
0000001950,270390,1,7
0000001951,2844A7,1,10
0000001952,270366,2,2
0000001953,2703A8,5,7
0000001953,284374,2,4
0000001954,26527G,2,5
0000001955,270290,2,8
0000001956,284595,5,1
0000001957,2845160000,2,2
0000001958,270150,1,4
0000001958,286022,4,1
0000001959,2843A8,1,5
0000001960,26548J,2,2
0000001961,2144020391,2,1
0000001962,2703B8,1,1
0000001962,2912010001,2,5
0000001963,2115020501,2,8
0000001964,270250,1,4
0000001965,266532,2,7
0000001966,267196,3,10
0000001966,270205,4,3
0000001967,2662A3,5,9
0000001968,2843620002,1,1
0000001969,276FDH,4,2
0000001969,8011,3,9
0000001970,2125040101,2,7
0000001970,270250,1,7
0000001971,2127023101,1,10
0000001971,270360,5,10
0000001972,4916040001,3,5
0000001973,26554G,1,6
0000001973,458496,1,7
0000001974,267012,4,10
0000001975,265429,4,4
0000001976,265228,2,4
0000001977,267047,5,3
0000001978,458345,5,5
0000001979,2703B5,5,4
0000001980,2841B7,1,9
0000001981,26554F,1,7
0000001982,8010,3,1
0000001983,2144020391,5,7
0000001984,2126040601,4,3
0000001985,267011,1,3
0000001985,284397,1,9
0000001986,2701AN,4,10
0000001986,2702AY,3,6
0000001987,2843080002,1,5
0000001988,26548N,4,3
0000001988,465281,1,6
0000001989,2844160000,4,9
0000001989,458143,5,9
0000001990,2845C4,2,4
0000001991,2915010002,2,1
0000001992,2703BD,3,10
0000001992,284202,4,2
0000001993,26548J,2,7
0000001993,276FDN,3,10
0000001994,2701AY,1,1
0000001994,270261,3,5
0000001995,270250,4,6
0000001996,26554F,4,8
0000001997,26522B,4,4
0000001997,270386,4,6
0000001998,267193,3,2
0000001998,270141,1,8
0000001999,270227,5,4
0000002000,266546,4,9
0000002001,284214,2,1
0000002001,284263,5,6
0000002002,267180,4,7
0000002002,2945000103,5,3
0000002003,266532,3,1
0000002004,2137020101,4,9
0000002004,26524I,3,10
0000002004,2917020006,3,6
0000002005,2701AN,2,3
0000002005,4585300002,4,4
0000002006,2662A7,3,7
0000002007,4127040201,1,6
0000002008,26552E,4,6
0000002008,267253,4,6
0000002009,266247,3,2
0000002009,267546,3,6
0000002010,2125040901,4,8
0000002010,267014,4,5
0000002011,267043,3,2
0000002012,284572,5,7
0000002013,458446,3,6
0000002014,2111011591,1,5
0000002014,2117024801,2,4
0000002015,2126030101,1,10
0000002016,284444,3,7
0000002016,4916040012,5,7
0000002017,270176,3,8
0000002018,26524I,5,9
0000002019,2116050101,5,6
0000002019,2211010301,2,3
0000002020,267473,3,4
0000002020,270130,4,5
0000002021,267325,4,8
0000002021,2702AZ,5,2
0000002022,2115010791,5,10
0000002022,2845960002,2,1
0000002023,2132020101,1,2
0000002023,284346,5,1
0000002024,2144022601,5,6
0000002025,267496,3,3
0000002025,4916040011,1,5
0000002026,26537H,3,7
0000002027,284040-2,3,3
0000002028,4126041391,3,2
0000002029,2842C7,2,4
0000002030,266517,5,10
0000002031,458350,2,8
0000002032,2147020301,3,1
0000002033,2843C3,1,6
0000002034,270268,3,4
0000002034,2917020006,4,3
0000002035,2125040301,4,10
0000002036,270206,2,10
0000002037,26512C,3,10
0000002038,265222,1,9
0000002038,2914010017,1,5
0000002039,267011,5,3
0000002040,2844C2,1,9
0000002041,270261,2,7
0000002042,2843S6,4,5
0000002043,2916010007,1,7
0000002044,270342,5,1
0000002044,2843C1,4,6
0000002045,270226,3,8
0000002046,270365,4,8
0000002047,2146020101,1,9
0000002047,270165,5,9
0000002048,458197,4,1
0000002049,2112021701,5,1
0000002049,2664A3,5,2
0000002050,267012,1,10
0000002050,276DKV,2,8
0000002051,265225,1,2
0000002051,458347,4,5
0000002052,26548J,2,1
0000002052,2845960002,2,8
0000002053,2703AE,3,4
0000002053,4915040005,5,8
0000002054,267212,2,1
0000002055,270261,5,3
0000002055,270294,2,2
0000002056,2915010012,3,10
0000002057,270190,4,1
0000002058,267394,5,9
0000002059,2147021601,3,1
0000002060,2112030801,3,3
0000002060,458437,1,8
0000002061,270205,4,3
0000002062,2702AN,3,2
0000002063,2213010301,3,9
0000002063,266546,1,10
0000002064,267496,3,7
0000002065,2117011301,4,4
0000002066,2115020501,5,4
0000002067,2703AY,5,3
0000002068,2126011101,2,5
0000002069,2652BE,1,8
0000002070,270383,5,3
0000002071,26544G,4,8
0000002071,267425,5,4
0000002072,267547,4,5
0000002073,266117,3,9
0000002074,286300,1,5
0000002075,266417,2,7
0000002076,2702A9,4,2
0000002077,2702B3,3,8
0000002078,2701B7,1,3
0000002079,267177,4,6
0000002080,270210,4,9
0000002081,4916040014,5,1
0000002082,2701AY,3,4
0000002083,267491,5,10
0000002084,265527,3,10
0000002085,2125020101,1,5
0000002085,2703C6,3,5
0000002086,2112020601,3,2
0000002087,284293,5,5
0000002088,2124030201,1,8
0000002089,2702AE,1,10
0000002090,2124024801,2,5
0000002090,265123,3,5
0000002090,270365,1,10
0000002090,4915040003,1,8
0000002091,2765TU,1,10
0000002092,2117021101,2,1
0000002093,284472,4,5
0000002094,284318,4,6
0000002095,2845A6,5,3
0000002095,286DW1,4,5
0000002096,267441,1,3
0000002097,2127023101,1,3
0000002097,267473,2,3
0000002097,296001,4,2
0000002098,2703BG,2,6
0000002099,2112030801,2,5
0000002099,2702A1,5,8
0000002100,4126041401,1,7
0000002101,2115020501,5,9
0000002101,2125040801,1,10
0000002102,26526N,3,10
0000002103,2135021901,3,7
0000002104,218310,4,7
0000002104,465262,3,8
0000002105,2114011201,3,1
0000002105,26552C,1,3
0000002106,2116020401,2,5
0000002106,26522B,3,1
0000002107,265326,4,4
0000002108,267148,2,5
0000002108,2702BG,5,2
0000002109,26548J,3,1
0000002110,458596,3,5
0000002111,2844A7,1,8
0000002112,2845B6,4,1
0000002113,270376,1,9
0000002114,2914010009,5,7
0000002115,270276,2,3
0000002116,266547,1,9
0000002117,458325,4,1
0000002118,2117020701,3,1
0000002118,2945000103,2,2
0000002119,2126020191,2,9
0000002120,267321,5,3
0000002121,267234,5,8
0000002122,2124030701,1,1
0000002123,270151,1,3
0000002124,2144022601,4,2
0000002125,265581,5,6
0000002126,266220,1,5
0000002126,458325,2,8
0000002127,267214,2,3
0000002128,2842B1,4,5
0000002129,267243,3,5
0000002130,270198,3,7
0000002130,418012,5,5
0000002131,2664A3,5,6
0000002132,286056,1,8
0000002133,2665AK,3,2
0000002134,2115020691,4,4
0000002135,2702A2,4,8
0000002136,26548J,4,10
0000002136,270250,1,3
0000002137,2127023201,1,9
0000002137,2703C4,4,1
0000002138,284126,1,5
0000002139,270360,5,10
0000002140,2126040591,4,5
0000002140,2701B2,3,10
0000002141,4137050201,2,5
0000002142,267581,5,4
0000002143,270253,2,7
0000002144,2117030391,2,10
0000002145,2842960002,2,1
0000002145,4916040010,1,1
0000002146,2701AN,2,4
0000002147,284444,2,3
0000002147,296002,5,4
0000002148,2137011601,4,10
0000002149,2126030201,5,5
0000002149,4126041391,3,4
0000002150,2843A7,3,9
0000002151,276EDL,3,8
0000002152,2701AF,3,10
0000002153,458436,5,6
0000002154,4127041601,1,7
0000002155,2111011591,2,1
0000002155,267245,2,4
0000002156,2703AR,4,2
0000002157,270263,5,6
0000002158,26527G,2,5
0000002158,284451,3,8
0000002159,2916021801,5,5
0000002160,2132020101,1,3
0000002160,2147020301,2,10
0000002161,265429,4,1
0000002162,458247,3,4
0000002163,2701AN,3,4
0000002164,2844C4,4,8
0000002165,2663A7,5,3
0000002165,267496,5,5
0000002166,2112010701,2,8
0000002166,2124022101,1,7
0000002167,2917010001,1,3
0000002168,267377,4,2
0000002169,27658U,3,4
0000002170,458496,1,8
0000002171,2702AZ,5,6
0000002172,2125024001,4,5
0000002172,267178,5,2
0000002172,2701BE,1,9
0000002173,2915020095,4,2
0000002174,2701AV,2,6
0000002175,2114010601,2,4
0000002175,267011,2,9
0000002176,267247,4,1
0000002177,26542B,1,3
0000002178,2115030501,3,7
0000002178,2703A8,5,3
0000002179,265581,2,5
0000002180,2126020191,4,6
0000002181,284344,4,8
0000002182,270145,3,5
0000002182,2841A6,4,10
0000002183,267473,4,5
0000002183,2865S4,1,1
0000002184,284125,3,3
0000002185,2115031091,1,3
0000002186,2115021301,2,7
0000002187,458205,2,4
0000002188,2701BG,3,3
0000002188,270276,5,4
0000002189,26522C,3,4
0000002189,466301,1,9
0000002190,286594,1,9
0000002191,2842A3,5,3
0000002192,4916040011,2,9
0000002193,2112030601,2,2
0000002194,2702AW,4,6
0000002194,418003,5,4
0000002195,4916040001,1,3
0000002196,2213013201,2,4
0000002196,458434,3,8
0000002197,2125022191,5,2
0000002197,266246,2,1
0000002198,286011,2,7
0000002199,4122041101,5,10
0000002200,270209,2,8
0000002201,2844S6,4,1
0000002201,458326,1,5
0000002202,2843C5,2,1
0000002203,465262,2,9
0000002204,2844160000,2,4
0000002204,458529,4,5
0000002205,270190,4,3
0000002206,2117020401,1,4
0000002207,2114021701,3,9
0000002207,270246,1,8
0000002207,2916210001,4,2
0000002208,2701B2,3,1
0000002208,2702BO,4,3
0000002208,286437,1,3
0000002209,270263,1,2
0000002210,270110,3,3
0000002211,276FDH,3,9
0000002212,270190,2,7
0000002213,267178,1,4
0000002214,2664AC,4,10
0000002214,2702BC,3,2
0000002215,266332,1,4
0000002215,458196,5,10
0000002215,458197,3,6
0000002216,2144020391,5,10
0000002216,270179,4,5
0000002216,4916040007,4,9
0000002217,265224,3,9
0000002217,267596,3,3
0000002218,267211,2,1
0000002219,458327,4,6
0000002220,2914010012,1,4
0000002221,267377,1,10
0000002222,270247,4,9
0000002223,284473,5,6
0000002224,26558J,3,7
0000002225,270202,5,6
0000002226,2112020601,1,4
0000002227,2145021601,4,4
0000002227,2701C4,4,7
0000002227,286022,4,7
0000002228,284250,2,3
0000002229,286A0D,5,6
0000002230,284302,4,1
0000002231,284109,1,9
0000002231,467301,1,2
0000002232,2126023191,4,9
0000002233,267581,5,5
0000002234,266474,3,8
0000002235,2915020013,2,6
0000002235,4127040401,1,2
0000002236,2115022201,1,10
0000002236,2917010006,5,10
0000002237,270320,5,9
0000002238,2702AI,5,2
0000002238,2915010006,2,3
0000002239,26544G,1,2
0000002240,267356,5,6
0000002240,284404,1,5
0000002241,284303,2,2
0000002242,284318,1,10
0000002243,267126,4,6
0000002244,2701AF,1,9
0000002245,2124023401,1,5
0000002245,26528J,5,10
0000002246,270350,2,6
0000002246,2703B5,3,8
0000002246,284193,2,2
0000002246,4126040401,3,7
0000002246,4916040009,5,9
0000002247,2112021201,5,4
0000002248,26522B,2,1
0000002249,2703AY,3,9
0000002250,267047,2,8
0000002251,2211010301,1,10
0000002252,26512E,2,2
0000002253,270453,3,10
0000002254,270382,3,7
0000002254,418201,4,9
0000002255,2842C6,2,10
0000002256,2842C4,2,2
0000002256,458434,5,9
0000002257,2124024091,1,9
0000002258,2842A1,2,10
0000002259,2132023703,4,1
0000002260,2116011201,5,1
0000002260,2703C5,4,2
0000002261,2147020301,1,4
0000002262,2702B7,1,2
0000002263,270271,5,1
0000002264,2844160000,2,9
0000002265,265229,5,7
0000002266,2114050101,4,7
0000002266,2144020201,3,6
0000002267,2843A9,5,2
0000002268,2115011301,5,5
0000002269,270385,1,8
0000002270,270326,3,7
0000002271,270399,4,9
0000002272,470201,2,2
0000002273,267492,1,6
0000002274,2765TU,1,5
0000002275,2127020401,1,4
0000002275,2842A5,3,4
0000002276,2211013101,1,3
0000002276,2662A3,1,2
0000002277,284374,2,1
0000002278,266246,3,9
0000002278,284101,2,2
0000002279,26524F,1,10
0000002280,270376,2,7
0000002281,2914020092,2,1
0000002282,267181,2,5
0000002283,284452,1,1
0000002284,458436,5,5
0000002285,2415070102,1,1
0000002285,270201,4,4
0000002286,2845C6,2,9
0000002287,270242,5,1
0000002288,2845A7,3,5
0000002289,267521,2,1
0000002290,284209,2,6
0000002291,2843B1,4,9
0000002292,2434000005,5,7
0000002293,26559M,3,10
0000002294,2702AW,2,7
0000002294,284141,2,10
0000002295,2844A4,4,1
0000002296,2844B5,3,2
0000002297,2117030391,2,2
0000002298,2125023391,5,10
0000002298,2914010011,3,8
0000002299,2702AE,5,6
0000002300,265527,5,10
0000002301,265527,3,9
0000002301,267251,4,10
0000002302,2415000107,3,10
0000002302,2703C4,4,8
0000002302,2844C4,2,2
0000002303,284303,2,2
0000002303,2868D8,3,1
0000002304,284444,3,3
0000002305,270391,2,6
0000002306,267278,3,4
0000002307,284504,4,10
0000002308,265222,1,10
0000002309,2843B8,1,5
0000002310,270112,3,6
0000002310,2845080002,2,5
0000002311,270263,4,5
0000002312,4127041801,1,6
0000002313,270138,3,6
0000002313,270343,5,6
0000002314,2126023391,2,8
0000002314,267593,3,1
0000002315,2702B5,3,10
0000002316,270365,4,8
0000002317,270110,5,9
0000002317,2702AE,2,6
0000002317,286056,2,1
0000002318,267496,1,10
0000002319,458148,1,7
0000002320,284426,4,1
0000002321,2843B8,3,3
0000002322,267045,5,1
0000002322,458329,1,8
0000002323,2701BL,4,8
0000002323,270363,4,4
0000002324,284145,4,1
0000002324,284344,2,9
0000002325,2212010191,3,6
0000002325,2865B4,1,1
0000002326,2915020095,1,10
0000002326,465281,4,8
0000002327,267148,2,7
0000002328,26526N,2,6
0000002329,458496,5,5
0000002330,26548J,3,2
0000002330,458197,1,8
0000002331,2915020017,5,4
0000002332,2843S2,4,5
0000002332,284503,4,9
0000002333,270297,2,3
0000002334,2703AY,2,7
0000002335,465261,2,9
0000002336,2145020801,1,8
0000002336,270130,3,3
0000002337,267402,5,10
0000002338,270289,4,10
0000002339,2662A4,5,8
0000002340,2115021301,2,3
0000002340,270203,1,2
0000002341,2213010201,1,1
0000002341,2844A6,4,3
0000002341,2915020013,2,7
0000002342,26528J,2,10
0000002342,4916040001,2,5
0000002343,2114021501,2,9
0000002343,26528J,3,6
0000002344,270199,5,1
0000002345,284297,5,2
0000002346,296002,3,1
0000002347,270274,5,3
0000002347,270283,5,2
0000002348,265581,4,3
0000002349,265326,4,2
0000002350,2703AE,3,3
0000002351,270357,4,3
0000002352,2702A8,5,3
0000002352,270366,2,1
0000002353,2843A8,1,5
0000002354,2415000110,2,9
0000002354,2415070102,4,6
0000002355,4916040010,4,7
0000002356,2843C8,5,5
0000002357,26522A,3,2
0000002358,265229,3,6
0000002359,2917030801,4,3
0000002360,2124030201,1,6
0000002360,270165,3,4
0000002360,2916210002,3,4
0000002360,458248,4,3
0000002361,270326,2,4
0000002361,2767JU,4,3
0000002362,270358,5,10
0000002363,265325,5,6
0000002364,267178,3,5
0000002365,2415070102,3,10
0000002366,26522A,4,6
0000002366,270340,3,5
0000002367,267448,4,1
0000002368,2115020691,3,7
0000002368,2115021701,5,9
0000002369,2124023201,1,6
0000002369,267342,3,8
0000002370,2137020101,4,2
0000002371,2144020201,4,10
0000002372,2112021301,3,9
0000002373,270365,3,6
0000002374,2126022101,1,1
0000002375,270133,2,7
0000002376,2914020013,2,9
0000002377,2213010301,5,2
0000002377,4125041801,5,10
0000002378,267180,4,1
0000002379,270355,2,4
0000002380,26513D,3,3
0000002380,266220,3,7
0000002381,2115030301,3,1
0000002382,267121,3,8
0000002382,2703AG,5,7
0000002383,267177,4,4
0000002384,2125023101,3,7
0000002385,2914020016,4,6
0000002386,458202,2,7
0000002387,2702C6,3,5
0000002387,400101,4,4
0000002388,458550,4,7
0000002389,270380,5,8
0000002390,267011,2,6
0000002391,265123,3,6
0000002391,2702BE,1,9
0000002392,2702BG,1,1
0000002392,286DK1,5,8
0000002392,2912020003,2,7
0000002393,267553,4,8
0000002394,267122,3,10
0000002395,270251,1,3
0000002396,2147020801,4,5
0000002396,270153,3,1
0000002397,284126,5,4
0000002397,284348,4,6
0000002397,4122041101,4,1
0000002398,2662A7,1,8
0000002399,2703AE,3,6
0000002399,2865PD,5,4
0000002400,2701AE,3,3
0000002401,2664A7,4,1
0000002402,284441,3,2
0000002403,2115024801,2,10
0000002403,2131020001,4,10
0000002404,270336,2,2
0000002405,2843B8,5,10
0000002406,2116030691,1,7
0000002407,2132010906,3,9
0000002407,2147020401,4,10
0000002407,26524I,3,7
0000002408,2144021691,4,9
0000002408,2662A3,2,5
0000002409,267042,2,3
0000002410,270269,4,7
0000002411,2706AU,5,3
0000002412,270226,5,9
0000002412,276FDH,1,7
0000002413,284341,1,3
0000002414,2843S1,2,1
0000002415,2912010001,2,9
0000002416,267546,3,6
0000002417,270130,3,6
0000002418,270104,5,9
0000002419,265481,4,7
0000002419,266546,2,3
0000002420,284444,1,8
0000002421,267496,3,5
0000002421,270395,2,5
0000002422,2843A8,1,3
0000002423,2126030491,2,9
0000002423,267233,5,9
0000002424,270230,3,9
0000002425,2701AE,2,6
0000002425,2915030002,5,6
0000002426,2112020601,3,7
0000002426,2126022101,1,2
0000002427,458201,2,10
0000002428,2125022191,5,7
0000002429,2702A3,2,8
0000002429,2702AP,3,4
0000002430,2844B6,1,3
0000002431,2137011601,2,10
0000002432,266532,5,5
0000002433,2127041101,1,7
0000002434,2664A3,5,10
0000002435,286056,1,7
0000002436,2211010591,1,4
0000002437,276JDG,4,7
0000002438,2702A2,4,6
0000002438,2703C1,3,10
0000002439,458526,4,8
0000002440,2917030801,4,10
0000002441,270103,1,10
0000002442,2702B5,3,9
0000002443,2115020401,4,7
0000002444,270389,4,3
0000002445,2702BG,3,9
0000002445,418301,5,2
0000002446,267213,2,3
0000002447,2915020095,3,9
0000002447,418008,5,6
0000002448,270333,2,10
0000002449,2213013991,3,2
0000002449,26556N,2,9
0000002450,267121,4,1
0000002451,2112030601,2,1
0000002451,265224,1,6
0000002451,26554F,3,5
0000002451,276FDH,3,2
0000002452,26552A,2,2
0000002453,270350,1,8
0000002454,270210,1,9
0000002455,270301,4,5
0000002455,2865B4,3,7
0000002456,2842A8,2,8
0000002457,267545,4,3
0000002458,270246,1,8
0000002459,2147022301,2,7
0000002460,270279,4,10
0000002461,270347,4,1
0000002462,2701C6,3,5
0000002463,267180,4,6
0000002464,2114021501,2,6
0000002465,2114024801,2,9
0000002466,2126022401,1,2
0000002467,4126041391,3,9
0000002468,2914010020,5,3
0000002468,458396,2,1
0000002469,2112020501,5,2
0000002470,2701AN,2,8
0000002471,267496,4,1
0000002472,2703AZ,3,8
0000002473,458147,5,5
0000002474,2114021201,2,9
0000002474,2843C3,1,8
0000002475,2125022191,4,2
0000002475,270220,4,4
0000002476,270247,2,4
0000002477,2144022601,3,5
0000002477,2147022601,2,5
0000002478,4915040002,5,4
0000002479,2147020401,4,9
0000002479,267126,1,4
0000002480,2914010010,1,2
0000002480,296001,3,3
0000002481,284545,3,2
0000002482,2115030301,3,6
0000002482,267342,5,8
0000002483,26504C,4,1
0000002483,265225,3,3
0000002483,270138,5,5
0000002484,270110,2,5
0000002485,458047,5,2
0000002486,266532,1,5
0000002487,2863CB,5,6
0000002488,2701AI,5,4
0000002489,284550,2,4
0000002490,2132020101,2,8
0000002490,2147020401,2,5
0000002491,2115023601,3,8
0000002491,2703B3,3,2
0000002492,267042,2,2
0000002493,2126040591,4,5
0000002494,2116030301,5,10
0000002494,267011,2,4
0000002495,266446,5,1
0000002496,2147020301,2,5
0000002497,276FDH,5,1
0000002497,284248,5,3
0000002498,458201,2,4
0000002499,26554G,4,9
0000002499,267579,3,7
0000002500,270165,1,2
0000002501,2125030101,1,8
0000002501,267012,2,10
0000002501,458101,1,3
0000002502,2703BE,1,3
0000002503,2701BL,4,4
0000002504,267339,2,8
0000002505,2916020013,2,4
0000002506,4916040018,4,4
0000002507,265427,1,7
0000002507,26552E,4,10
0000002508,270116,2,7
0000002509,267342,3,9
0000002510,267496,1,6
0000002510,270249,3,1
0000002511,266346,4,8
0000002512,2116020501,2,3
0000002512,284126,5,2
0000002512,418008,5,3
0000002512,458450,1,5
0000002513,270139,1,6
0000002514,265229,3,3
0000002514,270253,1,4
0000002514,270384,4,3
0000002514,2703AY,2,4
0000002515,213006,5,1
0000002516,284193,2,2
0000002517,26544G,4,3
0000002517,270161,1,4
0000002518,2844C8,4,4
0000002519,2127050101,1,8
0000002520,458305,2,2
0000002520,458546,3,6
0000002521,2125020501,4,10
0000002522,284196,3,2
0000002523,267342,2,1
0000002524,284398,4,3
0000002525,26522E,3,2
0000002525,2843S6,4,8
0000002526,267492,1,8
0000002527,267045,4,5
0000002527,276DKV,2,10
0000002527,284140,5,7
0000002528,265529,4,5
0000002529,270313,3,9
0000002530,267377,1,9
0000002531,2702AQ,3,7
0000002531,270317,5,10
0000002532,26504C,5,7
0000002532,267277,3,7
0000002532,2916010004,1,2
0000002533,286594,4,2
0000002534,2112030601,4,2
0000002535,26504C,1,4
0000002536,266446,5,10
0000002537,270206,4,6
0000002538,2127023101,1,1
0000002539,2144020101,4,9
0000002540,267534,5,2
0000002541,270153,4,2
0000002542,2114021101,2,7
0000002542,2911010001,3,9
0000002543,2842A9,2,8
0000002544,284126,1,1
0000002545,2136011602,1,9
0000002546,2124020301,1,8
0000002547,284040-1,4,6
0000002548,270376,1,9
0000002549,270153,3,9
0000002550,270206,4,1
0000002550,284295,5,1
0000002551,270185,1,4
0000002552,2703BG,4,4
0000002552,2843A2,5,6
0000002553,2117022201,3,8
0000002554,284524,5,3
0000002555,2665AK,2,1
0000002556,270362,2,1
0000002557,2915010006,2,5
0000002558,2415070102,4,5
0000002558,2702A9,4,8
0000002559,270297,2,7
0000002560,2112021801,2,2
0000002560,2135000001,2,2
0000002561,2116020401,2,7
0000002561,267542,4,7
0000002562,2702B7,1,6
0000002563,284109,2,4
0000002564,2126023391,2,3
0000002565,2125040101,5,2
0000002565,270125,4,3
0000002566,2844S5,2,9
0000002566,4126041801,1,9
0000002567,2144020401,5,5
0000002567,267356,5,8
0000002568,2125040101,1,7
0000002569,284325,5,4
0000002570,2702BF,3,2
0000002571,2131000001,4,8
0000002572,267401,1,1
0000002573,265229,1,2
0000002574,270233,2,10
0000002575,2115010601,2,7
0000002575,2703BG,5,6
0000002576,2703AR,2,1
0000002577,2701BG,5,7
0000002577,2703AN,2,5
0000002578,2114020291,3,2
0000002579,267217,3,5
0000002580,2662A3,4,10
0000002580,2845C5,2,5
0000002581,2701AA,4,5
0000002582,4917040005,1,4
0000002583,2702A7,4,7
0000002584,26548J,2,5
0000002585,2144021691,1,5
0000002586,2144022601,3,4
0000002587,26552D,5,5
0000002588,267578,3,10
0000002588,284109,2,2
0000002589,26514F,1,3
0000002590,267594,5,10
0000002591,265226,5,5
0000002592,270150,5,10
0000002592,270238,1,2
0000002593,2917030001,3,1
0000002594,2134020101,5,1
0000002595,267322,2,7
0000002596,265122,3,6
0000002596,270320,1,6
0000002597,2132010906,3,2
0000002598,2662A7,2,7
0000002599,265229,3,9
0000002600,26552E,5,7
0000002601,284526,4,5
0000002601,458197,4,10
0000002602,26513A,3,1
0000002603,2125040491,1,1
0000002603,2126040601,4,7
0000002603,270151,1,9
0000002604,2213014201,4,5
0000002605,2144022601,2,10
0000002605,267333,2,5
0000002605,458147,5,2
0000002606,2843B4,1,6
0000002607,2135021901,3,6
0000002608,270279,4,3
0000002609,2865S4,1,3
0000002610,2125040901,3,5
0000002611,284142,5,7
0000002612,2115011501,5,9
0000002612,267213,2,10
0000002613,4135050201,5,4
0000002614,2915020090,3,8
0000002615,2912010001,2,6
0000002616,270328,4,10
0000002617,2147020201,1,3
0000002618,2144020101,5,2
0000002619,266246,1,2
0000002619,270226,2,8
0000002620,267451,4,3
0000002620,2843B8,5,1
0000002621,458539,4,6
0000002622,2126023191,1,9
0000002623,284145,3,7
0000002623,2867AE,1,4
0000002624,2702BG,2,7
0000002624,2845C8,2,8
0000002625,270150,3,4
0000002625,458438,5,10
0000002626,284506,5,3
0000002627,2111023601,5,2
0000002627,267178,1,5
0000002628,2115023601,3,1
0000002629,265124,5,10
0000002630,2124020301,1,1
0000002630,2845B4,4,2
0000002631,270215,5,2
0000002632,270390,2,1
0000002632,284372,1,4
0000002632,296002,2,4
0000002632,4916040017,4,3
0000002633,2115020691,3,2
0000002634,2112020401,3,7
0000002634,4126041801,3,6
0000002635,270290,3,8
0000002636,276EDL,3,4
0000002636,2845S4,4,6
0000002637,267321,3,1
0000002638,2115021301,2,3
0000002638,2915010098,1,1
0000002639,2125020101,1,3
0000002639,458345,5,8
0000002640,266520,2,5
0000002641,26524F,4,10
0000002642,2147022301,1,8
0000002642,265226,5,6
0000002642,266274,3,8
0000002642,270338,4,2
0000002643,270384,4,3
0000002644,2125022191,3,7
0000002645,2125024001,2,8
0000002645,26522C,3,1
0000002645,270138,4,10
0000002645,2914010097,5,10
0000002646,267177,4,7
0000002646,4125041801,5,6
0000002647,418011,5,9
0000002648,270137,2,1
0000002648,284452,1,2
0000002649,265481,5,4
0000002649,2703AY,3,10
0000002650,2136011602,2,9
0000002651,2415000107,1,2
0000002652,2701AN,5,3
0000002653,2125040101,3,4
0000002653,270264,4,3
0000002654,2126023391,2,8
0000002655,4122041101,3,5
0000002656,2147022301,2,2
0000002656,270293,1,7
0000002657,265528,4,4
0000002657,458101,5,3
0000002658,265222,1,7
0000002659,286CCG,4,1
0000002660,267045,3,7
0000002661,284444,4,9
0000002662,270138,2,1
0000002663,266574,3,5
0000002664,2701AB,1,9
0000002665,270399,5,4
0000002666,2144020401,5,6
0000002666,2915030002,5,6
0000002667,2144020391,3,3
0000002668,2911010001,3,4
0000002668,458346,1,1
0000002669,2703AY,2,3
0000002670,267345,4,7
0000002670,2844930002,3,6
0000002671,4916040018,2,10
0000002672,2767JU,5,1
0000002672,2844S2,4,7
0000002673,2945000103,3,5
0000002674,4916041701,4,1
0000002675,26554F,1,8
0000002676,2703A7,4,7
0000002677,284206,5,5
0000002678,2125024801,3,8
0000002679,2124021091,1,10
0000002680,286056,4,9
0000002681,270190,3,8
0000002682,2117050201,4,4
0000002683,284496,4,10
0000002683,2917010004,4,3
0000002684,267245,2,6
0000002685,270139,1,8
0000002686,267296,3,4
0000002687,267543,3,2
0000002688,266346,4,2
0000002688,267042,3,8
0000002688,2702AY,3,6
0000002689,284306,1,3
0000002690,2112020401,3,3
0000002690,270361,5,2
0000002691,2703AR,4,5
0000002691,458347,4,1
0000002692,265481,3,5
0000002693,2915010004,2,6
0000002694,26522A,4,7
0000002694,267554,4,4
0000002695,270230,4,9
0000002696,286ECD,2,8
0000002697,465281,1,10
0000002698,2844B5,4,1
0000002698,2911020003,2,5
0000002698,4136050291,4,10
0000002699,2703B5,1,4
0000002700,4122041101,5,3
0000002701,2136021901,1,10
0000002701,2662A4,2,1
0000002702,2117021101,2,5
0000002703,266132,3,6
0000002704,2115030901,1,7
0000002705,267547,4,6
0000002706,2144022301,4,6
0000002707,2137020101,2,7
0000002708,267107,2,8
0000002708,270126,1,6
0000002708,4127041501,1,10
0000002709,266320,4,4
0000002710,270258,5,5
0000002711,2916010007,4,6
0000002712,284507,5,7
0000002713,266232,2,9
0000002713,2843A2,4,9
0000002714,2703A5,2,2
0000002715,2117020201,3,10
0000002715,2136020101,2,3
0000002716,270126,1,9
0000002717,284346,5,8
0000002718,284318,3,9
0000002719,2701AF,4,2
0000002720,2124021091,1,5
0000002721,458395,4,9
0000002722,26548J,5,3
0000002723,270358,5,3
0000002724,284303,2,10
0000002725,267126,2,4
0000002726,2125024001,2,2
0000002727,2114020391,3,7
0000002728,2844160000,3,6
0000002728,466501,3,4
0000002729,458248,4,8
0000002730,267012,2,3
0000002730,267491,5,5
0000002730,2915010019,5,10
0000002731,2126040301,5,9
0000002732,2912010003,4,4
0000002733,284499,4,5
0000002734,270253,2,6
0000002735,270242,5,9
0000002736,2914020003,4,8
0000002737,2125030201,2,2
0000002737,270153,5,8
0000002738,458436,5,6
0000002739,2147021601,1,3
0000002739,267179,4,2
0000002740,284496,4,6
0000002741,465281,5,3
0000002742,26527H,1,8
0000002742,2845C4,2,7
0000002743,267173,5,5
0000002744,26558J,2,1
0000002744,2844A1,3,9
0000002745,270164,4,5
0000002746,2703BO,4,8
0000002747,270376,2,9
0000002747,465261,2,4
0000002748,2125024001,1,3
0000002748,458395,2,5
0000002749,267241,3,3
0000002749,2844B5,4,4
0000002750,267021,2,4
0000002751,270365,3,6
0000002752,270150,2,2
0000002753,2116011201,5,2
0000002754,2702B2,3,5
0000002755,2865S4,1,2
0000002756,270330,4,2
0000002757,2916210001,3,4
0000002758,2115031091,1,5
0000002759,267441,2,2
0000002760,2702AQ,3,10
0000002761,2703BC,3,8
0000002761,2914020092,2,10
0000002762,2844B5,2,4
0000002763,2841B7,1,5
0000002764,458202,2,3
0000002765,2213012401,1,2
0000002766,296384,4,10
0000002767,2843B5,3,4
0000002768,2112030801,4,3
0000002768,458432,1,5
0000002769,265226,5,4
0000002769,2842B6,4,2
0000002769,2844B5,3,8
0000002770,26554F,2,5
0000002770,266246,2,7
0000002770,2917021801,3,3
0000002771,270230,5,5
0000002772,270243,5,6
0000002773,26515L,3,9
0000002774,418301,5,9
0000002775,2701BN,1,9
0000002776,2125020401,2,2
0000002776,2844A9,3,10
0000002777,26552D,5,8
0000002778,2845160000,2,9
0000002779,270342,5,7
0000002780,270330,4,1
0000002781,2701A4,1,7
0000002781,458350,1,5
0000002782,26518J,5,1
0000002783,2134020101,1,4
0000002783,26527H,5,3
0000002783,2945000108,4,2
0000002784,284313,1,4
0000002785,26558J,5,3
0000002786,2116020201,3,7
0000002787,2112030601,2,2
0000002787,267126,2,3
0000002788,284217,2,7
0000002789,2127023391,1,9
0000002789,26512C,1,2
0000002789,265527,4,7
0000002790,267278,3,3
0000002791,2701AV,3,10
0000002792,26542D,4,1
0000002792,266247,5,4
0000002793,2116024891,1,7
0000002793,2132023703,4,3
0000002794,2862Y3,1,10
0000002795,267148,3,4
0000002795,276FDN,5,8
0000002796,26522B,5,8
0000002797,26544G,2,8
0000002798,2117030901,4,3
0000002799,265128,2,1
0000002799,2701AQ,3,9
0000002800,2914010004,2,7
0000002801,284348,4,1
0000002801,4137050201,3,5
0000002802,2115020501,3,7
0000002803,267421,3,6
0000002804,26548J,2,2
0000002804,270126,3,6
0000002805,276FFL,4,10
0000002806,4916040010,2,8
0000002807,2702BG,2,5
0000002808,267042,1,3
0000002809,2845B8,3,5
0000002810,270154,1,3
0000002811,2111011591,2,4
0000002811,270194,2,6
0000002812,26534F,5,8
0000002812,265481,2,10
0000002813,2126020401,5,1
0000002814,2212012301,1,9
0000002815,2147022601,1,4
0000002816,270122,5,7
0000002816,270349,3,5
0000002817,4916040018,5,4
0000002818,2116011301,2,10
0000002818,2844B5,1,10
0000002819,26524I,2,4
0000002819,26558J,1,4
0000002820,2212010301,1,9
0000002820,2915020017,5,2
0000002820,458434,4,7
0000002821,466501,4,1
0000002822,2126023191,5,1
0000002823,2115020691,5,6
0000002823,270199,3,2
0000002824,270398,3,9
0000002825,2701AV,4,6
0000002826,2134020101,1,2
0000002827,458526,4,8
0000002828,2701A1,5,1
0000002829,267102,2,5
0000002830,2145021601,4,6
0000002831,2844C7,3,6
0000002832,270128,4,7
0000002832,284350,3,1
0000002833,2114020391,3,9
0000002834,266574,5,7
0000002835,2703A2,4,6
0000002835,2916210001,2,10
0000002836,266420,3,3
0000002837,276F8N,2,2
0000002838,284302,1,3
0000002839,26528J,5,7
0000002840,418008,5,10
0000002841,458395,4,6
0000002842,2665AK,3,4
0000002842,2702AE,2,4
0000002843,267294,5,7
0000002843,270236,2,8
0000002844,270121,5,2
0000002845,284573,3,3
0000002846,270257,4,4
0000002846,2703B5,2,5
0000002847,4127041801,1,3
0000002848,267154,5,5
0000002849,270257,4,6
0000002850,270247,2,8
0000002851,270347,5,4
0000002852,2843S5,1,5
0000002853,2115030101,4,7
0000002853,2917020006,1,10
0000002854,2147020201,5,6
0000002855,2115023601,3,8
0000002856,270247,3,9
0000002857,270238,5,7
0000002857,2702B6,3,8
0000002858,2916010002,3,5
0000002859,267546,3,1
0000002859,2702A8,5,1
0000002860,266246,4,1
0000002860,2917021701,3,2
0000002861,2914020013,3,9
0000002862,270453,3,3
0000002863,284145,2,2
0000002864,4125041801,5,2
0000002865,267441,3,6
0000002865,284196,5,6
0000002866,2115023601,2,6
0000002867,2125024801,3,1
0000002868,458205,2,1
0000002869,267202,3,9
0000002869,267334,5,5
0000002870,2702C6,3,10
0000002871,267221,2,10
0000002872,26544G,5,4
0000002873,2127020191,1,9
0000002874,2916010008,5,6
0000002875,2127022101,1,2
0000002875,2127040901,1,3
0000002876,2212010301,3,7
0000002877,2125023401,3,6
0000002878,2124022101,1,8
0000002878,270138,5,8
0000002879,2844S3,1,5
0000002880,267321,1,7
0000002880,284546,3,10
0000002881,2114021101,2,9
0000002882,2415070102,1,6
0000002882,267012,3,3
0000002883,267045,3,2
0000002884,270193,1,10
0000002885,2916020093,1,5
0000002886,2144020391,3,7
0000002887,270365,1,4
0000002888,2117020501,1,1
0000002889,267121,2,3
0000002889,267545,4,8
0000002890,2652BE,4,3
0000002891,2132023703,3,1
0000002892,2127050201,1,10
0000002893,2116011301,2,7
0000002894,2111011591,4,7
0000002894,2415000110,2,8
0000002894,2915210008,5,6
0000002895,2701AM,4,10
0000002895,2914030002,3,3
0000002896,265225,1,1
0000002897,2144020101,4,6
0000002898,2146022301,4,8
0000002898,267378,3,1
0000002898,284593,5,7
0000002899,2146022301,4,7
0000002899,267505,2,10
0000002900,270126,4,9
0000002900,2701BP,1,7
0000002900,2911020003,5,1
0000002901,2112030601,5,2
0000002902,26552E,3,6
0000002902,284106,3,10
0000002903,284143,1,3
0000002904,2702AE,4,4
0000002904,2843C2,3,10
0000002904,458297,3,2
0000002905,2144022601,2,2
0000002906,2125030701,5,4
0000002907,2914020092,2,6
0000002908,284101,2,5
0000002909,2703AR,5,10
0000002910,2112020401,3,5
0000002910,284204,4,1
0000002911,26554G,2,1
0000002911,267391,2,5
0000002912,284306,1,4
0000002913,270390,2,1
0000002914,2213013101,1,4
0000002915,2843S1,5,5
0000002916,2126022501,3,4
0000002916,4916040009,4,9
0000002917,284372,1,1
0000002918,267592,4,5
0000002919,2915010021,1,9
0000002920,267277,3,10
0000002921,2703B5,3,5
0000002922,2914020092,4,4
0000002923,2916210001,3,9
0000002924,2844S3,1,6
0000002925,270145,3,8
0000002926,2112040001,4,2
0000002927,2915020013,2,3
0000002928,270310,1,5
0000002929,2135021901,3,9
0000002930,2914210009,4,1
0000002931,270363,1,8
0000002932,2665A7,5,1
0000002933,2127050101,1,4
0000002934,2147022301,4,3
0000002934,267121,3,8
0000002935,270398,3,3
0000002936,2845A6,5,3
0000002937,2126020401,5,10
0000002937,284393,3,7
0000002938,4916040012,5,6
0000002939,270230,3,6
0000002940,2663A7,4,3
0000002941,26522C,4,5
0000002941,270206,4,6
0000002942,4137050201,3,1
0000002943,2211012301,1,6
0000002943,2703B8,1,8
0000002944,2843B8,4,1
0000002945,2115023601,1,8
0000002945,4122041101,4,1
0000002946,2765AU,3,8
0000002947,270320,2,10
0000002948,465281,3,1
0000002949,267441,5,9
0000002949,267446,1,8
0000002950,2701AH,3,6
0000002950,458147,3,4
0000002951,2114011301,4,7
0000002951,2125023101,3,9
0000002952,270110,2,1
0000002953,267279,3,1
0000002954,4136050291,4,8
0000002955,2415070102,5,6
0000002955,2703B5,4,8
0000002956,2662A4,4,3
0000002957,2127023401,1,10
0000002958,284494,3,6
0000002959,2662A4,3,4
0000002960,2115020501,1,4
0000002961,284372,4,10
0000002962,2126040291,2,2
0000002962,2915020095,2,8
0000002963,267441,3,4
0000002964,265321,4,5
0000002965,2112021301,3,8
0000002966,2127040301,1,8
0000002967,2845B3,2,5
0000002968,2212010501,1,7
0000002969,458350,2,8
0000002970,284506,5,3
0000002971,4916040011,3,10
0000002972,267014,4,9
0000002973,284108,3,1
0000002973,284141,2,9
0000002974,267501,4,8
0000002975,265125,2,7
0000002976,270340,3,6
0000002977,2701BI,3,2
0000002978,2914020003,2,1
0000002979,2125023101,1,10
0000002980,267334,5,4
0000002981,2116021291,5,7
0000002981,2702AE,1,10
0000002982,267425,5,3
0000002983,2115031091,2,8
0000002983,458196,1,2
0000002984,466501,2,5
0000002985,2702B4,3,10
0000002986,267122,3,8
0000002986,270297,2,7
0000002987,2116021291,5,8
0000002988,284106,2,6
0000002989,270190,4,7
0000002990,270188,5,10
0000002991,2144020391,5,10
0000002991,284192,4,1
0000002992,284146,2,9
0000002993,270390,2,7
0000002994,2842C3,4,3
0000002995,2845S5,5,6
0000002996,270175,2,7
0000002996,458249,5,3
0000002997,270290,1,2
0000002998,2137020101,1,9
0000002999,2665A7,3,5
0000003000,270350,4,7
