fecha,no_recibo
2010-01-01, 0000000001
2010-01-02, 0000000002
2010-01-03, 0000000003
2010-01-04, 0000000004
2010-01-05, 0000000005
2010-01-06, 0000000006
2010-01-07, 0000000007
2010-01-08, 0000000008
2010-01-09, 0000000009
2010-01-10, 0000000010
2010-01-11, 0000000011
2010-01-12, 0000000012
2010-01-13, 0000000013
2010-01-14, 0000000014
2010-01-15, 0000000015
2010-01-16, 0000000016
2010-01-17, 0000000017
2010-01-18, 0000000018
2010-01-19, 0000000019
2010-01-20, 0000000020
2010-01-21, 0000000021
2010-01-22, 0000000022
2010-01-23, 0000000023
2010-01-24, 0000000024
2010-01-25, 0000000025
2010-01-26, 0000000026
2010-01-27, 0000000027
2010-01-28, 0000000028
2010-01-29, 0000000029
2010-01-30, 0000000030
2010-01-31, 0000000031
2010-02-01, 0000000032
2010-02-02, 0000000033
2010-02-03, 0000000034
2010-02-04, 0000000035
2010-02-05, 0000000036
2010-02-06, 0000000037
2010-02-07, 0000000038
2010-02-08, 0000000039
2010-02-09, 0000000040
2010-02-10, 0000000041
2010-02-11, 0000000042
2010-02-12, 0000000043
2010-02-13, 0000000044
2010-02-14, 0000000045
2010-02-15, 0000000046
2010-02-16, 0000000047
2010-02-17, 0000000048
2010-02-18, 0000000049
2010-02-19, 0000000050
2010-02-20, 0000000051
2010-02-21, 0000000052
2010-02-22, 0000000053
2010-02-23, 0000000054
2010-02-24, 0000000055
2010-02-25, 0000000056
2010-02-26, 0000000057
2010-02-27, 0000000058
2010-02-28, 0000000059
2010-03-01, 0000000060
2010-03-02, 0000000061
2010-03-03, 0000000062
2010-03-04, 0000000063
2010-03-05, 0000000064
2010-03-06, 0000000065
2010-03-07, 0000000066
2010-03-08, 0000000067
2010-03-09, 0000000068
2010-03-10, 0000000069
2010-03-11, 0000000070
2010-03-11, 0000000071
2010-03-12, 0000000072
2010-03-13, 0000000073
2010-03-14, 0000000074
2010-03-15, 0000000075
2010-03-16, 0000000076
2010-03-17, 0000000077
2010-03-18, 0000000078
2010-03-19, 0000000079
2010-03-20, 0000000080
2010-03-20, 0000000081
2010-03-21, 0000000082
2010-03-22, 0000000083
2010-03-23, 0000000084
2010-03-24, 0000000085
2010-03-25, 0000000086
2010-03-26, 0000000087
2010-03-27, 0000000088
2010-03-28, 0000000089
2010-03-29, 0000000090
2010-03-30, 0000000091
2010-03-30, 0000000092
2010-03-31, 0000000093
2010-04-01, 0000000094
2010-04-02, 0000000095
2010-04-03, 0000000096
2010-04-04, 0000000097
2010-04-05, 0000000098
2010-04-06, 0000000099
2010-04-07, 0000000100
2010-04-08, 0000000101
2010-04-09, 0000000102
2010-04-10, 0000000103
2010-04-11, 0000000104
2010-04-12, 0000000105
2010-04-13, 0000000106
2010-04-14, 0000000107
2010-04-15, 0000000108
2010-04-16, 0000000109
2010-04-17, 0000000110
2010-04-18, 0000000111
2010-04-19, 0000000112
2010-04-20, 0000000113
2010-04-21, 0000000114
2010-04-22, 0000000115
2010-04-23, 0000000116
2010-04-24, 0000000117
2010-04-25, 0000000118
2010-04-26, 0000000119
2010-04-27, 0000000120
2010-04-28, 0000000121
2010-04-29, 0000000122
2010-04-30, 0000000123
2010-05-01, 0000000124
2010-05-02, 0000000125
2010-05-03, 0000000126
2010-05-04, 0000000127
2010-05-05, 0000000128
2010-05-06, 0000000129
2010-05-07, 0000000130
2010-05-08, 0000000131
2010-05-09, 0000000132
2010-05-10, 0000000133
2010-05-11, 0000000134
2010-05-12, 0000000135
2010-05-13, 0000000136
2010-05-14, 0000000137
2010-05-15, 0000000138
2010-05-16, 0000000139
2010-05-17, 0000000140
2010-05-18, 0000000141
2010-05-19, 0000000142
2010-05-20, 0000000143
2010-05-21, 0000000144
2010-05-22, 0000000145
2010-05-23, 0000000146
2010-05-24, 0000000147
2010-05-25, 0000000148
2010-05-26, 0000000149
2010-05-26, 0000000150
2010-05-27, 0000000151
2010-05-28, 0000000152
2010-05-29, 0000000153
2010-05-30, 0000000154
2010-05-31, 0000000155
2010-06-01, 0000000156
2010-06-02, 0000000157
2010-06-03, 0000000158
2010-06-04, 0000000159
2010-06-05, 0000000160
2010-06-06, 0000000161
2010-06-07, 0000000162
2010-06-08, 0000000163
2010-06-09, 0000000164
2010-06-10, 0000000165
2010-06-11, 0000000166
2010-06-12, 0000000167
2010-06-13, 0000000168
2010-06-14, 0000000169
2010-06-15, 0000000170
2010-06-16, 0000000171
2010-06-17, 0000000172
2010-06-18, 0000000173
2010-06-19, 0000000174
2010-06-20, 0000000175
2010-06-21, 0000000176
2010-06-22, 0000000177
2010-06-23, 0000000178
2010-06-24, 0000000179
2010-06-25, 0000000180
2010-06-26, 0000000181
2010-06-27, 0000000182
2010-06-28, 0000000183
2010-06-29, 0000000184
2010-06-30, 0000000185
2010-07-01, 0000000186
2010-07-02, 0000000187
2010-07-03, 0000000188
2010-07-04, 0000000189
2010-07-05, 0000000190
2010-07-06, 0000000191
2010-07-07, 0000000192
2010-07-08, 0000000193
2010-07-09, 0000000194
2010-07-10, 0000000195
2010-07-11, 0000000196
2010-07-12, 0000000197
2010-07-13, 0000000198
2010-07-14, 0000000199
2010-07-15, 0000000200
2010-07-16, 0000000201
2010-07-17, 0000000202
2010-07-18, 0000000203
2010-07-19, 0000000204
2010-07-20, 0000000205
2010-07-21, 0000000206
2010-07-21, 0000000207
2010-07-22, 0000000208
2010-07-23, 0000000209
2010-07-24, 0000000210
2010-07-25, 0000000211
2010-07-26, 0000000212
2010-07-27, 0000000213
2010-07-28, 0000000214
2010-07-29, 0000000215
2010-07-30, 0000000216
2010-07-31, 0000000217
2010-08-01, 0000000218
2010-08-02, 0000000219
2010-08-03, 0000000220
2010-08-04, 0000000221
2010-08-05, 0000000222
2010-08-06, 0000000223
2010-08-06, 0000000224
2010-08-07, 0000000225
2010-08-08, 0000000226
2010-08-08, 0000000227
2010-08-09, 0000000228
2010-08-10, 0000000229
2010-08-11, 0000000230
2010-08-12, 0000000231
2010-08-13, 0000000232
2010-08-14, 0000000233
2010-08-15, 0000000234
2010-08-16, 0000000235
2010-08-17, 0000000236
2010-08-18, 0000000237
2010-08-19, 0000000238
2010-08-20, 0000000239
2010-08-21, 0000000240
2010-08-22, 0000000241
2010-08-23, 0000000242
2010-08-23, 0000000243
2010-08-24, 0000000244
2010-08-25, 0000000245
2010-08-26, 0000000246
2010-08-27, 0000000247
2010-08-28, 0000000248
2010-08-29, 0000000249
2010-08-30, 0000000250
2010-08-31, 0000000251
2010-09-01, 0000000252
2010-09-02, 0000000253
2010-09-03, 0000000254
2010-09-04, 0000000255
2010-09-05, 0000000256
2010-09-06, 0000000257
2010-09-07, 0000000258
2010-09-08, 0000000259
2010-09-09, 0000000260
2010-09-10, 0000000261
2010-09-11, 0000000262
2010-09-12, 0000000263
2010-09-13, 0000000264
2010-09-14, 0000000265
2010-09-15, 0000000266
2010-09-16, 0000000267
2010-09-17, 0000000268
2010-09-18, 0000000269
2010-09-19, 0000000270
2010-09-20, 0000000271
2010-09-21, 0000000272
2010-09-22, 0000000273
2010-09-23, 0000000274
2010-09-24, 0000000275
2010-09-25, 0000000276
2010-09-26, 0000000277
2010-09-27, 0000000278
2010-09-28, 0000000279
2010-09-29, 0000000280
2010-09-30, 0000000281
2010-10-01, 0000000282
2010-10-02, 0000000283
2010-10-03, 0000000284
2010-10-04, 0000000285
2010-10-05, 0000000286
2010-10-06, 0000000287
2010-10-07, 0000000288
2010-10-08, 0000000289
2010-10-09, 0000000290
2010-10-10, 0000000291
2010-10-11, 0000000292
2010-10-12, 0000000293
2010-10-13, 0000000294
2010-10-14, 0000000295
2010-10-15, 0000000296
2010-10-16, 0000000297
2010-10-17, 0000000298
2010-10-18, 0000000299
2010-10-19, 0000000300
2010-10-20, 0000000301
2010-10-21, 0000000302
2010-10-22, 0000000303
2010-10-23, 0000000304
2010-10-24, 0000000305
2010-10-24, 0000000306
2010-10-25, 0000000307
2010-10-26, 0000000308
2010-10-27, 0000000309
2010-10-28, 0000000310
2010-10-29, 0000000311
2010-10-30, 0000000312
2010-10-31, 0000000313
2010-11-01, 0000000314
2010-11-01, 0000000315
2010-11-02, 0000000316
2010-11-03, 0000000317
2010-11-04, 0000000318
2010-11-05, 0000000319
2010-11-06, 0000000320
2010-11-07, 0000000321
2010-11-08, 0000000322
2010-11-09, 0000000323
2010-11-10, 0000000324
2010-11-11, 0000000325
2010-11-12, 0000000326
2010-11-13, 0000000327
2010-11-14, 0000000328
2010-11-15, 0000000329
2010-11-16, 0000000330
2010-11-17, 0000000331
2010-11-18, 0000000332
2010-11-19, 0000000333
2010-11-20, 0000000334
2010-11-21, 0000000335
2010-11-22, 0000000336
2010-11-22, 0000000337
2010-11-23, 0000000338
2010-11-24, 0000000339
2010-11-25, 0000000340
2010-11-26, 0000000341
2010-11-27, 0000000342
2010-11-28, 0000000343
2010-11-29, 0000000344
2010-11-30, 0000000345
2010-12-01, 0000000346
2010-12-02, 0000000347
2010-12-03, 0000000348
2010-12-04, 0000000349
2010-12-05, 0000000350
2010-12-06, 0000000351
2010-12-07, 0000000352
2010-12-08, 0000000353
2010-12-09, 0000000354
2010-12-10, 0000000355
2010-12-11, 0000000356
2010-12-12, 0000000357
2010-12-13, 0000000358
2010-12-14, 0000000359
2010-12-15, 0000000360
2010-12-16, 0000000361
2010-12-17, 0000000362
2010-12-18, 0000000363
2010-12-19, 0000000364
2010-12-20, 0000000365
2010-12-21, 0000000366
2010-12-22, 0000000367
2010-12-23, 0000000368
2010-12-24, 0000000369
2010-12-25, 0000000370
2010-12-26, 0000000371
2010-12-27, 0000000372
2010-12-28, 0000000373
2010-12-29, 0000000374
2010-12-30, 0000000375
2010-12-31, 0000000376
2011-01-01, 0000000377
2011-01-02, 0000000378
2011-01-03, 0000000379
2011-01-04, 0000000380
2011-01-05, 0000000381
2011-01-06, 0000000382
2011-01-07, 0000000383
2011-01-08, 0000000384
2011-01-09, 0000000385
2011-01-10, 0000000386
2011-01-11, 0000000387
2011-01-12, 0000000388
2011-01-13, 0000000389
2011-01-14, 0000000390
2011-01-15, 0000000391
2011-01-16, 0000000392
2011-01-17, 0000000393
2011-01-18, 0000000394
2011-01-19, 0000000395
2011-01-20, 0000000396
2011-01-21, 0000000397
2011-01-22, 0000000398
2011-01-23, 0000000399
2011-01-24, 0000000400
2011-01-25, 0000000401
2011-01-26, 0000000402
2011-01-27, 0000000403
2011-01-28, 0000000404
2011-01-29, 0000000405
2011-01-30, 0000000406
2011-01-31, 0000000407
2011-02-01, 0000000408
2011-02-02, 0000000409
2011-02-03, 0000000410
2011-02-04, 0000000411
2011-02-05, 0000000412
2011-02-06, 0000000413
2011-02-07, 0000000414
2011-02-08, 0000000415
2011-02-09, 0000000416
2011-02-10, 0000000417
2011-02-11, 0000000418
2011-02-12, 0000000419
2011-02-13, 0000000420
2011-02-14, 0000000421
2011-02-15, 0000000422
2011-02-16, 0000000423
2011-02-17, 0000000424
2011-02-18, 0000000425
2011-02-19, 0000000426
2011-02-20, 0000000427
2011-02-21, 0000000428
2011-02-22, 0000000429
2011-02-23, 0000000430
2011-02-24, 0000000431
2011-02-25, 0000000432
2011-02-26, 0000000433
2011-02-27, 0000000434
2011-02-28, 0000000435
2011-03-01, 0000000436
2011-03-02, 0000000437
2011-03-03, 0000000438
2011-03-04, 0000000439
2011-03-05, 0000000440
2011-03-06, 0000000441
2011-03-07, 0000000442
2011-03-08, 0000000443
2011-03-09, 0000000444
2011-03-10, 0000000445
2011-03-11, 0000000446
2011-03-12, 0000000447
2011-03-13, 0000000448
2011-03-14, 0000000449
2011-03-15, 0000000450
2011-03-16, 0000000451
2011-03-17, 0000000452
2011-03-18, 0000000453
2011-03-19, 0000000454
2011-03-20, 0000000455
2011-03-21, 0000000456
2011-03-22, 0000000457
2011-03-23, 0000000458
2011-03-24, 0000000459
2011-03-25, 0000000460
2011-03-26, 0000000461
2011-03-27, 0000000462
2011-03-28, 0000000463
2011-03-29, 0000000464
2011-03-30, 0000000465
2011-03-31, 0000000466
2011-04-01, 0000000467
2011-04-02, 0000000468
2011-04-03, 0000000469
2011-04-04, 0000000470
2011-04-05, 0000000471
2011-04-06, 0000000472
2011-04-07, 0000000473
2011-04-08, 0000000474
2011-04-09, 0000000475
2011-04-10, 0000000476
2011-04-11, 0000000477
2011-04-12, 0000000478
2011-04-13, 0000000479
2011-04-14, 0000000480
2011-04-15, 0000000481
2011-04-16, 0000000482
2011-04-17, 0000000483
2011-04-18, 0000000484
2011-04-19, 0000000485
2011-04-20, 0000000486
2011-04-21, 0000000487
2011-04-22, 0000000488
2011-04-23, 0000000489
2011-04-24, 0000000490
2011-04-25, 0000000491
2011-04-26, 0000000492
2011-04-27, 0000000493
2011-04-28, 0000000494
2011-04-29, 0000000495
2011-04-30, 0000000496
2011-05-01, 0000000497
2011-05-02, 0000000498
2011-05-03, 0000000499
2011-05-04, 0000000500
2011-05-05, 0000000501
2011-05-05, 0000000502
2011-05-06, 0000000503
2011-05-07, 0000000504
2011-05-08, 0000000505
2011-05-09, 0000000506
2011-05-10, 0000000507
2011-05-11, 0000000508
2011-05-12, 0000000509
2011-05-13, 0000000510
2011-05-14, 0000000511
2011-05-15, 0000000512
2011-05-16, 0000000513
2011-05-17, 0000000514
2011-05-18, 0000000515
2011-05-19, 0000000516
2011-05-20, 0000000517
2011-05-21, 0000000518
2011-05-22, 0000000519
2011-05-23, 0000000520
2011-05-24, 0000000521
2011-05-25, 0000000522
2011-05-26, 0000000523
2011-05-27, 0000000524
2011-05-28, 0000000525
2011-05-29, 0000000526
2011-05-30, 0000000527
2011-05-31, 0000000528
2011-06-01, 0000000529
2011-06-02, 0000000530
2011-06-03, 0000000531
2011-06-03, 0000000532
2011-06-04, 0000000533
2011-06-05, 0000000534
2011-06-06, 0000000535
2011-06-07, 0000000536
2011-06-08, 0000000537
2011-06-09, 0000000538
2011-06-10, 0000000539
2011-06-11, 0000000540
2011-06-12, 0000000541
2011-06-13, 0000000542
2011-06-14, 0000000543
2011-06-15, 0000000544
2011-06-16, 0000000545
2011-06-17, 0000000546
2011-06-18, 0000000547
2011-06-19, 0000000548
2011-06-20, 0000000549
2011-06-21, 0000000550
2011-06-22, 0000000551
2011-06-23, 0000000552
2011-06-24, 0000000553
2011-06-25, 0000000554
2011-06-26, 0000000555
2011-06-27, 0000000556
2011-06-28, 0000000557
2011-06-29, 0000000558
2011-06-30, 0000000559
2011-07-01, 0000000560
2011-07-02, 0000000561
2011-07-03, 0000000562
2011-07-04, 0000000563
2011-07-05, 0000000564
2011-07-06, 0000000565
2011-07-07, 0000000566
2011-07-08, 0000000567
2011-07-09, 0000000568
2011-07-10, 0000000569
2011-07-11, 0000000570
2011-07-12, 0000000571
2011-07-13, 0000000572
2011-07-14, 0000000573
2011-07-15, 0000000574
2011-07-16, 0000000575
2011-07-17, 0000000576
2011-07-18, 0000000577
2011-07-19, 0000000578
2011-07-20, 0000000579
2011-07-21, 0000000580
2011-07-22, 0000000581
2011-07-23, 0000000582
2011-07-24, 0000000583
2011-07-25, 0000000584
2011-07-26, 0000000585
2011-07-27, 0000000586
2011-07-28, 0000000587
2011-07-29, 0000000588
2011-07-30, 0000000589
2011-07-31, 0000000590
2011-08-01, 0000000591
2011-08-02, 0000000592
2011-08-03, 0000000593
2011-08-04, 0000000594
2011-08-05, 0000000595
2011-08-06, 0000000596
2011-08-07, 0000000597
2011-08-08, 0000000598
2011-08-09, 0000000599
2011-08-10, 0000000600
2011-08-11, 0000000601
2011-08-12, 0000000602
2011-08-13, 0000000603
2011-08-14, 0000000604
2011-08-15, 0000000605
2011-08-16, 0000000606
2011-08-17, 0000000607
2011-08-18, 0000000608
2011-08-19, 0000000609
2011-08-20, 0000000610
2011-08-21, 0000000611
2011-08-22, 0000000612
2011-08-23, 0000000613
2011-08-24, 0000000614
2011-08-25, 0000000615
2011-08-26, 0000000616
2011-08-27, 0000000617
2011-08-28, 0000000618
2011-08-29, 0000000619
2011-08-30, 0000000620
2011-08-31, 0000000621
2011-09-01, 0000000622
2011-09-02, 0000000623
2011-09-03, 0000000624
2011-09-04, 0000000625
2011-09-05, 0000000626
2011-09-06, 0000000627
2011-09-07, 0000000628
2011-09-08, 0000000629
2011-09-09, 0000000630
2011-09-10, 0000000631
2011-09-11, 0000000632
2011-09-12, 0000000633
2011-09-13, 0000000634
2011-09-14, 0000000635
2011-09-15, 0000000636
2011-09-16, 0000000637
2011-09-17, 0000000638
2011-09-18, 0000000639
2011-09-19, 0000000640
2011-09-20, 0000000641
2011-09-21, 0000000642
2011-09-22, 0000000643
2011-09-23, 0000000644
2011-09-24, 0000000645
2011-09-25, 0000000646
2011-09-26, 0000000647
2011-09-27, 0000000648
2011-09-28, 0000000649
2011-09-29, 0000000650
2011-09-30, 0000000651
2011-10-01, 0000000652
2011-10-02, 0000000653
2011-10-03, 0000000654
2011-10-04, 0000000655
2011-10-05, 0000000656
2011-10-06, 0000000657
2011-10-07, 0000000658
2011-10-08, 0000000659
2011-10-09, 0000000660
2011-10-10, 0000000661
2011-10-11, 0000000662
2011-10-12, 0000000663
2011-10-13, 0000000664
2011-10-14, 0000000665
2011-10-15, 0000000666
2011-10-16, 0000000667
2011-10-17, 0000000668
2011-10-18, 0000000669
2011-10-19, 0000000670
2011-10-20, 0000000671
2011-10-21, 0000000672
2011-10-22, 0000000673
2011-10-23, 0000000674
2011-10-24, 0000000675
2011-10-25, 0000000676
2011-10-26, 0000000677
2011-10-27, 0000000678
2011-10-28, 0000000679
2011-10-29, 0000000680
2011-10-30, 0000000681
2011-10-31, 0000000682
2011-11-01, 0000000683
2011-11-01, 0000000684
2011-11-02, 0000000685
2011-11-03, 0000000686
2011-11-04, 0000000687
2011-11-05, 0000000688
2011-11-06, 0000000689
2011-11-07, 0000000690
2011-11-08, 0000000691
2011-11-09, 0000000692
2011-11-10, 0000000693
2011-11-11, 0000000694
2011-11-12, 0000000695
2011-11-13, 0000000696
2011-11-14, 0000000697
2011-11-15, 0000000698
2011-11-16, 0000000699
2011-11-17, 0000000700
2011-11-18, 0000000701
2011-11-19, 0000000702
2011-11-20, 0000000703
2011-11-21, 0000000704
2011-11-22, 0000000705
2011-11-23, 0000000706
2011-11-24, 0000000707
2011-11-25, 0000000708
2011-11-26, 0000000709
2011-11-27, 0000000710
2011-11-28, 0000000711
2011-11-29, 0000000712
2011-11-30, 0000000713
2011-12-01, 0000000714
2011-12-02, 0000000715
2011-12-02, 0000000716
2011-12-03, 0000000717
2011-12-03, 0000000718
2011-12-04, 0000000719
2011-12-05, 0000000720
2011-12-06, 0000000721
2011-12-07, 0000000722
2011-12-08, 0000000723
2011-12-09, 0000000724
2011-12-10, 0000000725
2011-12-11, 0000000726
2011-12-12, 0000000727
2011-12-13, 0000000728
2011-12-14, 0000000729
2011-12-15, 0000000730
2011-12-16, 0000000731
2011-12-17, 0000000732
2011-12-18, 0000000733
2011-12-19, 0000000734
2011-12-20, 0000000735
2011-12-21, 0000000736
2011-12-22, 0000000737
2011-12-23, 0000000738
2011-12-24, 0000000739
2011-12-25, 0000000740
2011-12-26, 0000000741
2011-12-27, 0000000742
2011-12-28, 0000000743
2011-12-29, 0000000744
2011-12-30, 0000000745
2011-12-31, 0000000746
2012-01-01, 0000000747
2012-01-02, 0000000748
2012-01-03, 0000000749
2012-01-04, 0000000750
2012-01-05, 0000000751
2012-01-06, 0000000752
2012-01-07, 0000000753
2012-01-07, 0000000754
2012-01-07, 0000000755
2012-01-08, 0000000756
2012-01-09, 0000000757
2012-01-10, 0000000758
2012-01-11, 0000000759
2012-01-12, 0000000760
2012-01-13, 0000000761
2012-01-14, 0000000762
2012-01-15, 0000000763
2012-01-16, 0000000764
2012-01-17, 0000000765
2012-01-18, 0000000766
2012-01-19, 0000000767
2012-01-20, 0000000768
2012-01-21, 0000000769
2012-01-22, 0000000770
2012-01-23, 0000000771
2012-01-24, 0000000772
2012-01-25, 0000000773
2012-01-26, 0000000774
2012-01-27, 0000000775
2012-01-28, 0000000776
2012-01-29, 0000000777
2012-01-30, 0000000778
2012-01-31, 0000000779
2012-02-01, 0000000780
2012-02-02, 0000000781
2012-02-03, 0000000782
2012-02-04, 0000000783
2012-02-05, 0000000784
2012-02-06, 0000000785
2012-02-07, 0000000786
2012-02-08, 0000000787
2012-02-09, 0000000788
2012-02-10, 0000000789
2012-02-11, 0000000790
2012-02-12, 0000000791
2012-02-13, 0000000792
2012-02-13, 0000000793
2012-02-14, 0000000794
2012-02-15, 0000000795
2012-02-16, 0000000796
2012-02-17, 0000000797
2012-02-18, 0000000798
2012-02-19, 0000000799
2012-02-20, 0000000800
2012-02-21, 0000000801
2012-02-22, 0000000802
2012-02-23, 0000000803
2012-02-24, 0000000804
2012-02-25, 0000000805
2012-02-26, 0000000806
2012-02-27, 0000000807
2012-02-28, 0000000808
2012-02-29, 0000000809
2012-03-01, 0000000810
2012-03-02, 0000000811
2012-03-03, 0000000812
2012-03-04, 0000000813
2012-03-05, 0000000814
2012-03-06, 0000000815
2012-03-07, 0000000816
2012-03-08, 0000000817
2012-03-09, 0000000818
2012-03-10, 0000000819
2012-03-11, 0000000820
2012-03-12, 0000000821
2012-03-13, 0000000822
2012-03-14, 0000000823
2012-03-15, 0000000824
2012-03-16, 0000000825
2012-03-17, 0000000826
2012-03-18, 0000000827
2012-03-19, 0000000828
2012-03-20, 0000000829
2012-03-21, 0000000830
2012-03-22, 0000000831
2012-03-23, 0000000832
2012-03-24, 0000000833
2012-03-25, 0000000834
2012-03-26, 0000000835
2012-03-27, 0000000836
2012-03-28, 0000000837
2012-03-29, 0000000838
2012-03-30, 0000000839
2012-03-31, 0000000840
2012-04-01, 0000000841
2012-04-02, 0000000842
2012-04-03, 0000000843
2012-04-04, 0000000844
2012-04-05, 0000000845
2012-04-06, 0000000846
2012-04-07, 0000000847
2012-04-08, 0000000848
2012-04-09, 0000000849
2012-04-10, 0000000850
2012-04-11, 0000000851
2012-04-12, 0000000852
2012-04-13, 0000000853
2012-04-14, 0000000854
2012-04-15, 0000000855
2012-04-16, 0000000856
2012-04-17, 0000000857
2012-04-18, 0000000858
2012-04-19, 0000000859
2012-04-20, 0000000860
2012-04-21, 0000000861
2012-04-22, 0000000862
2012-04-23, 0000000863
2012-04-24, 0000000864
2012-04-25, 0000000865
2012-04-26, 0000000866
2012-04-27, 0000000867
2012-04-28, 0000000868
2012-04-29, 0000000869
2012-04-30, 0000000870
2012-05-01, 0000000871
2012-05-02, 0000000872
2012-05-02, 0000000873
2012-05-03, 0000000874
2012-05-04, 0000000875
2012-05-05, 0000000876
2012-05-05, 0000000877
2012-05-06, 0000000878
2012-05-07, 0000000879
2012-05-08, 0000000880
2012-05-09, 0000000881
2012-05-10, 0000000882
2012-05-11, 0000000883
2012-05-12, 0000000884
2012-05-13, 0000000885
2012-05-14, 0000000886
2012-05-15, 0000000887
2012-05-16, 0000000888
2012-05-17, 0000000889
2012-05-18, 0000000890
2012-05-19, 0000000891
2012-05-20, 0000000892
2012-05-21, 0000000893
2012-05-22, 0000000894
2012-05-23, 0000000895
2012-05-24, 0000000896
2012-05-25, 0000000897
2012-05-26, 0000000898
2012-05-27, 0000000899
2012-05-28, 0000000900
2012-05-29, 0000000901
2012-05-30, 0000000902
2012-05-31, 0000000903
2012-06-01, 0000000904
2012-06-02, 0000000905
2012-06-03, 0000000906
2012-06-04, 0000000907
2012-06-05, 0000000908
2012-06-06, 0000000909
2012-06-07, 0000000910
2012-06-08, 0000000911
2012-06-09, 0000000912
2012-06-10, 0000000913
2012-06-11, 0000000914
2012-06-12, 0000000915
2012-06-13, 0000000916
2012-06-14, 0000000917
2012-06-15, 0000000918
2012-06-16, 0000000919
2012-06-17, 0000000920
2012-06-18, 0000000921
2012-06-19, 0000000922
2012-06-20, 0000000923
2012-06-21, 0000000924
2012-06-22, 0000000925
2012-06-23, 0000000926
2012-06-24, 0000000927
2012-06-25, 0000000928
2012-06-26, 0000000929
2012-06-27, 0000000930
2012-06-28, 0000000931
2012-06-29, 0000000932
2012-06-30, 0000000933
2012-07-01, 0000000934
2012-07-02, 0000000935
2012-07-03, 0000000936
2012-07-04, 0000000937
2012-07-05, 0000000938
2012-07-06, 0000000939
2012-07-07, 0000000940
2012-07-08, 0000000941
2012-07-09, 0000000942
2012-07-10, 0000000943
2012-07-11, 0000000944
2012-07-12, 0000000945
2012-07-13, 0000000946
2012-07-14, 0000000947
2012-07-15, 0000000948
2012-07-16, 0000000949
2012-07-16, 0000000950
2012-07-17, 0000000951
2012-07-18, 0000000952
2012-07-19, 0000000953
2012-07-20, 0000000954
2012-07-21, 0000000955
2012-07-22, 0000000956
2012-07-23, 0000000957
2012-07-24, 0000000958
2012-07-25, 0000000959
2012-07-26, 0000000960
2012-07-27, 0000000961
2012-07-28, 0000000962
2012-07-29, 0000000963
2012-07-30, 0000000964
2012-07-31, 0000000965
2012-08-01, 0000000966
2012-08-02, 0000000967
2012-08-03, 0000000968
2012-08-04, 0000000969
2012-08-05, 0000000970
2012-08-06, 0000000971
2012-08-07, 0000000972
2012-08-08, 0000000973
2012-08-09, 0000000974
2012-08-10, 0000000975
2012-08-11, 0000000976
2012-08-12, 0000000977
2012-08-13, 0000000978
2012-08-14, 0000000979
2012-08-15, 0000000980
2012-08-16, 0000000981
2012-08-17, 0000000982
2012-08-18, 0000000983
2012-08-19, 0000000984
2012-08-20, 0000000985
2012-08-21, 0000000986
2012-08-22, 0000000987
2012-08-23, 0000000988
2012-08-24, 0000000989
2012-08-25, 0000000990
2012-08-26, 0000000991
2012-08-27, 0000000992
2012-08-28, 0000000993
2012-08-29, 0000000994
2012-08-30, 0000000995
2012-08-31, 0000000996
2012-09-01, 0000000997
2012-09-02, 0000000998
2012-09-03, 0000000999
2012-09-04, 0000001000
2012-09-05, 0000001001
2012-09-06, 0000001002
2012-09-07, 0000001003
2012-09-08, 0000001004
2012-09-09, 0000001005
2012-09-10, 0000001006
2012-09-11, 0000001007
2012-09-12, 0000001008
2012-09-13, 0000001009
2012-09-14, 0000001010
2012-09-15, 0000001011
2012-09-16, 0000001012
2012-09-17, 0000001013
2012-09-18, 0000001014
2012-09-19, 0000001015
2012-09-20, 0000001016
2012-09-21, 0000001017
2012-09-22, 0000001018
2012-09-23, 0000001019
2012-09-24, 0000001020
2012-09-25, 0000001021
2012-09-26, 0000001022
2012-09-27, 0000001023
2012-09-28, 0000001024
2012-09-29, 0000001025
2012-09-30, 0000001026
2012-10-01, 0000001027
2012-10-02, 0000001028
2012-10-03, 0000001029
2012-10-04, 0000001030
2012-10-05, 0000001031
2012-10-06, 0000001032
2012-10-07, 0000001033
2012-10-08, 0000001034
2012-10-09, 0000001035
2012-10-10, 0000001036
2012-10-11, 0000001037
2012-10-12, 0000001038
2012-10-13, 0000001039
2012-10-14, 0000001040
2012-10-15, 0000001041
2012-10-16, 0000001042
2012-10-17, 0000001043
2012-10-18, 0000001044
2012-10-19, 0000001045
2012-10-20, 0000001046
2012-10-21, 0000001047
2012-10-22, 0000001048
2012-10-23, 0000001049
2012-10-24, 0000001050
2012-10-25, 0000001051
2012-10-26, 0000001052
2012-10-27, 0000001053
2012-10-28, 0000001054
2012-10-29, 0000001055
2012-10-30, 0000001056
2012-10-31, 0000001057
2012-11-01, 0000001058
2012-11-02, 0000001059
2012-11-03, 0000001060
2012-11-04, 0000001061
2012-11-05, 0000001062
2012-11-06, 0000001063
2012-11-07, 0000001064
2012-11-08, 0000001065
2012-11-09, 0000001066
2012-11-10, 0000001067
2012-11-11, 0000001068
2012-11-12, 0000001069
2012-11-13, 0000001070
2012-11-13, 0000001071
2012-11-14, 0000001072
2012-11-15, 0000001073
2012-11-16, 0000001074
2012-11-17, 0000001075
2012-11-18, 0000001076
2012-11-19, 0000001077
2012-11-20, 0000001078
2012-11-21, 0000001079
2012-11-22, 0000001080
2012-11-23, 0000001081
2012-11-24, 0000001082
2012-11-25, 0000001083
2012-11-26, 0000001084
2012-11-27, 0000001085
2012-11-28, 0000001086
2012-11-28, 0000001087
2012-11-29, 0000001088
2012-11-30, 0000001089
2012-12-01, 0000001090
2012-12-02, 0000001091
2012-12-03, 0000001092
2012-12-04, 0000001093
2012-12-05, 0000001094
2012-12-06, 0000001095
2012-12-07, 0000001096
2012-12-08, 0000001097
2012-12-09, 0000001098
2012-12-10, 0000001099
2012-12-11, 0000001100
2012-12-12, 0000001101
2012-12-13, 0000001102
2012-12-14, 0000001103
2012-12-15, 0000001104
2012-12-16, 0000001105
2012-12-17, 0000001106
2012-12-18, 0000001107
2012-12-19, 0000001108
2012-12-20, 0000001109
2012-12-21, 0000001110
2012-12-22, 0000001111
2012-12-23, 0000001112
2012-12-24, 0000001113
2012-12-25, 0000001114
2012-12-26, 0000001115
2012-12-27, 0000001116
2012-12-28, 0000001117
2012-12-29, 0000001118
2012-12-30, 0000001119
2012-12-31, 0000001120
2013-01-01, 0000001121
2013-01-02, 0000001122
2013-01-03, 0000001123
2013-01-04, 0000001124
2013-01-05, 0000001125
2013-01-06, 0000001126
2013-01-07, 0000001127
2013-01-08, 0000001128
2013-01-09, 0000001129
2013-01-10, 0000001130
2013-01-11, 0000001131
2013-01-12, 0000001132
2013-01-13, 0000001133
2013-01-14, 0000001134
2013-01-15, 0000001135
2013-01-16, 0000001136
2013-01-17, 0000001137
2013-01-18, 0000001138
2013-01-19, 0000001139
2013-01-20, 0000001140
2013-01-20, 0000001141
2013-01-21, 0000001142
2013-01-22, 0000001143
2013-01-23, 0000001144
2013-01-24, 0000001145
2013-01-25, 0000001146
2013-01-26, 0000001147
2013-01-27, 0000001148
2013-01-28, 0000001149
2013-01-29, 0000001150
2013-01-30, 0000001151
2013-01-31, 0000001152
2013-02-01, 0000001153
2013-02-02, 0000001154
2013-02-03, 0000001155
2013-02-04, 0000001156
2013-02-05, 0000001157
2013-02-06, 0000001158
2013-02-07, 0000001159
2013-02-08, 0000001160
2013-02-09, 0000001161
2013-02-10, 0000001162
2013-02-11, 0000001163
2013-02-12, 0000001164
2013-02-13, 0000001165
2013-02-14, 0000001166
2013-02-15, 0000001167
2013-02-16, 0000001168
2013-02-17, 0000001169
2013-02-18, 0000001170
2013-02-19, 0000001171
2013-02-20, 0000001172
2013-02-21, 0000001173
2013-02-22, 0000001174
2013-02-23, 0000001175
2013-02-24, 0000001176
2013-02-25, 0000001177
2013-02-26, 0000001178
2013-02-27, 0000001179
2013-02-28, 0000001180
2013-03-01, 0000001181
2013-03-02, 0000001182
2013-03-03, 0000001183
2013-03-04, 0000001184
2013-03-05, 0000001185
2013-03-06, 0000001186
2013-03-07, 0000001187
2013-03-08, 0000001188
2013-03-09, 0000001189
2013-03-10, 0000001190
2013-03-11, 0000001191
2013-03-12, 0000001192
2013-03-13, 0000001193
2013-03-14, 0000001194
2013-03-15, 0000001195
2013-03-16, 0000001196
2013-03-17, 0000001197
2013-03-18, 0000001198
2013-03-19, 0000001199
2013-03-20, 0000001200
2013-03-21, 0000001201
2013-03-22, 0000001202
2013-03-23, 0000001203
2013-03-23, 0000001204
2013-03-24, 0000001205
2013-03-25, 0000001206
2013-03-26, 0000001207
2013-03-27, 0000001208
2013-03-28, 0000001209
2013-03-29, 0000001210
2013-03-30, 0000001211
2013-03-31, 0000001212
2013-04-01, 0000001213
2013-04-02, 0000001214
2013-04-03, 0000001215
2013-04-04, 0000001216
2013-04-05, 0000001217
2013-04-06, 0000001218
2013-04-07, 0000001219
2013-04-08, 0000001220
2013-04-09, 0000001221
2013-04-10, 0000001222
2013-04-11, 0000001223
2013-04-12, 0000001224
2013-04-13, 0000001225
2013-04-14, 0000001226
2013-04-15, 0000001227
2013-04-16, 0000001228
2013-04-17, 0000001229
2013-04-18, 0000001230
2013-04-19, 0000001231
2013-04-20, 0000001232
2013-04-21, 0000001233
2013-04-22, 0000001234
2013-04-23, 0000001235
2013-04-24, 0000001236
2013-04-25, 0000001237
2013-04-26, 0000001238
2013-04-27, 0000001239
2013-04-27, 0000001240
2013-04-28, 0000001241
2013-04-29, 0000001242
2013-04-30, 0000001243
2013-05-01, 0000001244
2013-05-02, 0000001245
2013-05-03, 0000001246
2013-05-04, 0000001247
2013-05-05, 0000001248
2013-05-06, 0000001249
2013-05-07, 0000001250
2013-05-08, 0000001251
2013-05-09, 0000001252
2013-05-10, 0000001253
2013-05-11, 0000001254
2013-05-12, 0000001255
2013-05-13, 0000001256
2013-05-14, 0000001257
2013-05-15, 0000001258
2013-05-16, 0000001259
2013-05-17, 0000001260
2013-05-18, 0000001261
2013-05-19, 0000001262
2013-05-20, 0000001263
2013-05-21, 0000001264
2013-05-21, 0000001265
2013-05-22, 0000001266
2013-05-23, 0000001267
2013-05-24, 0000001268
2013-05-25, 0000001269
2013-05-26, 0000001270
2013-05-27, 0000001271
2013-05-28, 0000001272
2013-05-29, 0000001273
2013-05-30, 0000001274
2013-05-31, 0000001275
2013-06-01, 0000001276
2013-06-02, 0000001277
2013-06-03, 0000001278
2013-06-04, 0000001279
2013-06-05, 0000001280
2013-06-06, 0000001281
2013-06-07, 0000001282
2013-06-08, 0000001283
2013-06-09, 0000001284
2013-06-10, 0000001285
2013-06-11, 0000001286
2013-06-12, 0000001287
2013-06-12, 0000001288
2013-06-13, 0000001289
2013-06-14, 0000001290
2013-06-15, 0000001291
2013-06-16, 0000001292
2013-06-17, 0000001293
2013-06-18, 0000001294
2013-06-19, 0000001295
2013-06-20, 0000001296
2013-06-21, 0000001297
2013-06-22, 0000001298
2013-06-23, 0000001299
2013-06-24, 0000001300
2013-06-25, 0000001301
2013-06-25, 0000001302
2013-06-26, 0000001303
2013-06-27, 0000001304
2013-06-28, 0000001305
2013-06-29, 0000001306
2013-06-30, 0000001307
2013-07-01, 0000001308
2013-07-02, 0000001309
2013-07-03, 0000001310
2013-07-04, 0000001311
2013-07-05, 0000001312
2013-07-06, 0000001313
2013-07-07, 0000001314
2013-07-08, 0000001315
2013-07-09, 0000001316
2013-07-10, 0000001317
2013-07-11, 0000001318
2013-07-12, 0000001319
2013-07-13, 0000001320
2013-07-13, 0000001321
2013-07-14, 0000001322
2013-07-15, 0000001323
2013-07-16, 0000001324
2013-07-17, 0000001325
2013-07-18, 0000001326
2013-07-19, 0000001327
2013-07-20, 0000001328
2013-07-21, 0000001329
2013-07-22, 0000001330
2013-07-23, 0000001331
2013-07-24, 0000001332
2013-07-25, 0000001333
2013-07-26, 0000001334
2013-07-27, 0000001335
2013-07-28, 0000001336
2013-07-29, 0000001337
2013-07-30, 0000001338
2013-07-31, 0000001339
2013-08-01, 0000001340
2013-08-02, 0000001341
2013-08-03, 0000001342
2013-08-04, 0000001343
2013-08-05, 0000001344
2013-08-06, 0000001345
2013-08-07, 0000001346
2013-08-08, 0000001347
2013-08-09, 0000001348
2013-08-10, 0000001349
2013-08-11, 0000001350
2013-08-12, 0000001351
2013-08-13, 0000001352
2013-08-14, 0000001353
2013-08-15, 0000001354
2013-08-16, 0000001355
2013-08-17, 0000001356
2013-08-18, 0000001357
2013-08-19, 0000001358
2013-08-20, 0000001359
2013-08-21, 0000001360
2013-08-22, 0000001361
2013-08-23, 0000001362
2013-08-24, 0000001363
2013-08-25, 0000001364
2013-08-26, 0000001365
2013-08-27, 0000001366
2013-08-28, 0000001367
2013-08-29, 0000001368
2013-08-30, 0000001369
2013-08-31, 0000001370
2013-09-01, 0000001371
2013-09-02, 0000001372
2013-09-03, 0000001373
2013-09-04, 0000001374
2013-09-05, 0000001375
2013-09-06, 0000001376
2013-09-06, 0000001377
2013-09-07, 0000001378
2013-09-08, 0000001379
2013-09-08, 0000001380
2013-09-09, 0000001381
2013-09-10, 0000001382
2013-09-11, 0000001383
2013-09-12, 0000001384
2013-09-13, 0000001385
2013-09-14, 0000001386
2013-09-15, 0000001387
2013-09-16, 0000001388
2013-09-17, 0000001389
2013-09-18, 0000001390
2013-09-19, 0000001391
2013-09-20, 0000001392
2013-09-21, 0000001393
2013-09-22, 0000001394
2013-09-23, 0000001395
2013-09-24, 0000001396
2013-09-25, 0000001397
2013-09-26, 0000001398
2013-09-27, 0000001399
2013-09-28, 0000001400
2013-09-29, 0000001401
2013-09-30, 0000001402
2013-10-01, 0000001403
2013-10-02, 0000001404
2013-10-03, 0000001405
2013-10-04, 0000001406
2013-10-05, 0000001407
2013-10-06, 0000001408
2013-10-07, 0000001409
2013-10-08, 0000001410
2013-10-09, 0000001411
2013-10-10, 0000001412
2013-10-11, 0000001413
2013-10-12, 0000001414
2013-10-12, 0000001415
2013-10-13, 0000001416
2013-10-14, 0000001417
2013-10-15, 0000001418
2013-10-16, 0000001419
2013-10-17, 0000001420
2013-10-18, 0000001421
2013-10-19, 0000001422
2013-10-20, 0000001423
2013-10-21, 0000001424
2013-10-22, 0000001425
2013-10-23, 0000001426
2013-10-24, 0000001427
2013-10-25, 0000001428
2013-10-26, 0000001429
2013-10-27, 0000001430
2013-10-28, 0000001431
2013-10-29, 0000001432
2013-10-30, 0000001433
2013-10-31, 0000001434
2013-11-01, 0000001435
2013-11-02, 0000001436
2013-11-03, 0000001437
2013-11-04, 0000001438
2013-11-05, 0000001439
2013-11-06, 0000001440
2013-11-07, 0000001441
2013-11-08, 0000001442
2013-11-09, 0000001443
2013-11-10, 0000001444
2013-11-11, 0000001445
2013-11-12, 0000001446
2013-11-13, 0000001447
2013-11-14, 0000001448
2013-11-15, 0000001449
2013-11-16, 0000001450
2013-11-17, 0000001451
2013-11-18, 0000001452
2013-11-19, 0000001453
2013-11-20, 0000001454
2013-11-21, 0000001455
2013-11-22, 0000001456
2013-11-23, 0000001457
2013-11-24, 0000001458
2013-11-25, 0000001459
2013-11-26, 0000001460
2013-11-27, 0000001461
2013-11-28, 0000001462
2013-11-29, 0000001463
2013-11-30, 0000001464
2013-12-01, 0000001465
2013-12-02, 0000001466
2013-12-03, 0000001467
2013-12-04, 0000001468
2013-12-05, 0000001469
2013-12-06, 0000001470
2013-12-07, 0000001471
2013-12-08, 0000001472
2013-12-09, 0000001473
2013-12-10, 0000001474
2013-12-11, 0000001475
2013-12-12, 0000001476
2013-12-13, 0000001477
2013-12-14, 0000001478
2013-12-14, 0000001479
2013-12-15, 0000001480
2013-12-16, 0000001481
2013-12-17, 0000001482
2013-12-18, 0000001483
2013-12-19, 0000001484
2013-12-20, 0000001485
2013-12-21, 0000001486
2013-12-22, 0000001487
2013-12-23, 0000001488
2013-12-24, 0000001489
2013-12-25, 0000001490
2013-12-26, 0000001491
2013-12-27, 0000001492
2013-12-28, 0000001493
2013-12-29, 0000001494
2013-12-30, 0000001495
2013-12-31, 0000001496
2014-01-01, 0000001497
2014-01-02, 0000001498
2014-01-03, 0000001499
2014-01-04, 0000001500
2014-01-05, 0000001501
2014-01-06, 0000001502
2014-01-07, 0000001503
2014-01-08, 0000001504
2014-01-09, 0000001505
2014-01-10, 0000001506
2014-01-11, 0000001507
2014-01-12, 0000001508
2014-01-13, 0000001509
2014-01-14, 0000001510
2014-01-15, 0000001511
2014-01-16, 0000001512
2014-01-17, 0000001513
2014-01-18, 0000001514
2014-01-19, 0000001515
2014-01-20, 0000001516
2014-01-21, 0000001517
2014-01-22, 0000001518
2014-01-23, 0000001519
2014-01-24, 0000001520
2014-01-25, 0000001521
2014-01-26, 0000001522
2014-01-27, 0000001523
2014-01-28, 0000001524
2014-01-29, 0000001525
2014-01-30, 0000001526
2014-01-31, 0000001527
2014-02-01, 0000001528
2014-02-02, 0000001529
2014-02-03, 0000001530
2014-02-04, 0000001531
2014-02-05, 0000001532
2014-02-06, 0000001533
2014-02-07, 0000001534
2014-02-08, 0000001535
2014-02-09, 0000001536
2014-02-10, 0000001537
2014-02-11, 0000001538
2014-02-12, 0000001539
2014-02-13, 0000001540
2014-02-14, 0000001541
2014-02-15, 0000001542
2014-02-16, 0000001543
2014-02-17, 0000001544
2014-02-18, 0000001545
2014-02-19, 0000001546
2014-02-20, 0000001547
2014-02-21, 0000001548
2014-02-22, 0000001549
2014-02-23, 0000001550
2014-02-24, 0000001551
2014-02-25, 0000001552
2014-02-26, 0000001553
2014-02-27, 0000001554
2014-02-28, 0000001555
2014-03-01, 0000001556
2014-03-02, 0000001557
2014-03-03, 0000001558
2014-03-04, 0000001559
2014-03-05, 0000001560
2014-03-06, 0000001561
2014-03-07, 0000001562
2014-03-08, 0000001563
2014-03-09, 0000001564
2014-03-10, 0000001565
2014-03-11, 0000001566
2014-03-12, 0000001567
2014-03-13, 0000001568
2014-03-14, 0000001569
2014-03-15, 0000001570
2014-03-16, 0000001571
2014-03-17, 0000001572
2014-03-18, 0000001573
2014-03-19, 0000001574
2014-03-20, 0000001575
2014-03-21, 0000001576
2014-03-22, 0000001577
2014-03-23, 0000001578
2014-03-24, 0000001579
2014-03-25, 0000001580
2014-03-26, 0000001581
2014-03-27, 0000001582
2014-03-28, 0000001583
2014-03-29, 0000001584
2014-03-30, 0000001585
2014-03-31, 0000001586
2014-04-01, 0000001587
2014-04-02, 0000001588
2014-04-03, 0000001589
2014-04-04, 0000001590
2014-04-05, 0000001591
2014-04-06, 0000001592
2014-04-07, 0000001593
2014-04-08, 0000001594
2014-04-09, 0000001595
2014-04-10, 0000001596
2014-04-11, 0000001597
2014-04-12, 0000001598
2014-04-13, 0000001599
2014-04-14, 0000001600
2014-04-15, 0000001601
2014-04-16, 0000001602
2014-04-17, 0000001603
2014-04-18, 0000001604
2014-04-19, 0000001605
2014-04-20, 0000001606
2014-04-21, 0000001607
2014-04-22, 0000001608
2014-04-23, 0000001609
2014-04-24, 0000001610
2014-04-25, 0000001611
2014-04-26, 0000001612
2014-04-27, 0000001613
2014-04-28, 0000001614
2014-04-29, 0000001615
2014-04-30, 0000001616
2014-05-01, 0000001617
2014-05-02, 0000001618
2014-05-03, 0000001619
2014-05-03, 0000001620
2014-05-04, 0000001621
2014-05-05, 0000001622
2014-05-06, 0000001623
2014-05-07, 0000001624
2014-05-08, 0000001625
2014-05-09, 0000001626
2014-05-10, 0000001627
2014-05-11, 0000001628
2014-05-12, 0000001629
2014-05-13, 0000001630
2014-05-14, 0000001631
2014-05-15, 0000001632
2014-05-16, 0000001633
2014-05-17, 0000001634
2014-05-18, 0000001635
2014-05-19, 0000001636
2014-05-20, 0000001637
2014-05-21, 0000001638
2014-05-22, 0000001639
2014-05-23, 0000001640
2014-05-24, 0000001641
2014-05-25, 0000001642
2014-05-26, 0000001643
2014-05-27, 0000001644
2014-05-28, 0000001645
2014-05-29, 0000001646
2014-05-30, 0000001647
2014-05-31, 0000001648
2014-06-01, 0000001649
2014-06-02, 0000001650
2014-06-03, 0000001651
2014-06-04, 0000001652
2014-06-05, 0000001653
2014-06-06, 0000001654
2014-06-07, 0000001655
2014-06-08, 0000001656
2014-06-09, 0000001657
2014-06-10, 0000001658
2014-06-11, 0000001659
2014-06-12, 0000001660
2014-06-13, 0000001661
2014-06-14, 0000001662
2014-06-15, 0000001663
2014-06-16, 0000001664
2014-06-17, 0000001665
2014-06-18, 0000001666
2014-06-19, 0000001667
2014-06-20, 0000001668
2014-06-21, 0000001669
2014-06-22, 0000001670
2014-06-23, 0000001671
2014-06-24, 0000001672
2014-06-24, 0000001673
2014-06-25, 0000001674
2014-06-26, 0000001675
2014-06-27, 0000001676
2014-06-28, 0000001677
2014-06-29, 0000001678
2014-06-30, 0000001679
2014-07-01, 0000001680
2014-07-02, 0000001681
2014-07-03, 0000001682
2014-07-04, 0000001683
2014-07-05, 0000001684
2014-07-06, 0000001685
2014-07-07, 0000001686
2014-07-08, 0000001687
2014-07-09, 0000001688
2014-07-10, 0000001689
2014-07-11, 0000001690
2014-07-12, 0000001691
2014-07-13, 0000001692
2014-07-14, 0000001693
2014-07-15, 0000001694
2014-07-16, 0000001695
2014-07-16, 0000001696
2014-07-17, 0000001697
2014-07-18, 0000001698
2014-07-19, 0000001699
2014-07-20, 0000001700
2014-07-20, 0000001701
2014-07-21, 0000001702
2014-07-22, 0000001703
2014-07-23, 0000001704
2014-07-24, 0000001705
2014-07-25, 0000001706
2014-07-26, 0000001707
2014-07-27, 0000001708
2014-07-28, 0000001709
2014-07-29, 0000001710
2014-07-30, 0000001711
2014-07-31, 0000001712
2014-08-01, 0000001713
2014-08-02, 0000001714
2014-08-03, 0000001715
2014-08-04, 0000001716
2014-08-05, 0000001717
2014-08-06, 0000001718
2014-08-06, 0000001719
2014-08-07, 0000001720
2014-08-08, 0000001721
2014-08-09, 0000001722
2014-08-10, 0000001723
2014-08-11, 0000001724
2014-08-12, 0000001725
2014-08-13, 0000001726
2014-08-14, 0000001727
2014-08-15, 0000001728
2014-08-16, 0000001729
2014-08-17, 0000001730
2014-08-18, 0000001731
2014-08-19, 0000001732
2014-08-20, 0000001733
2014-08-21, 0000001734
2014-08-22, 0000001735
2014-08-23, 0000001736
2014-08-24, 0000001737
2014-08-25, 0000001738
2014-08-26, 0000001739
2014-08-27, 0000001740
2014-08-28, 0000001741
2014-08-29, 0000001742
2014-08-30, 0000001743
2014-08-31, 0000001744
2014-09-01, 0000001745
2014-09-02, 0000001746
2014-09-03, 0000001747
2014-09-04, 0000001748
2014-09-04, 0000001749
2014-09-05, 0000001750
2014-09-06, 0000001751
2014-09-07, 0000001752
2014-09-08, 0000001753
2014-09-09, 0000001754
2014-09-10, 0000001755
2014-09-11, 0000001756
2014-09-12, 0000001757
2014-09-13, 0000001758
2014-09-14, 0000001759
2014-09-15, 0000001760
2014-09-16, 0000001761
2014-09-17, 0000001762
2014-09-18, 0000001763
2014-09-19, 0000001764
2014-09-20, 0000001765
2014-09-21, 0000001766
2014-09-22, 0000001767
2014-09-23, 0000001768
2014-09-24, 0000001769
2014-09-25, 0000001770
2014-09-26, 0000001771
2014-09-27, 0000001772
2014-09-28, 0000001773
2014-09-29, 0000001774
2014-09-30, 0000001775
2014-10-01, 0000001776
2014-10-02, 0000001777
2014-10-03, 0000001778
2014-10-03, 0000001779
2014-10-04, 0000001780
2014-10-05, 0000001781
2014-10-06, 0000001782
2014-10-07, 0000001783
2014-10-08, 0000001784
2014-10-09, 0000001785
2014-10-10, 0000001786
2014-10-10, 0000001787
2014-10-11, 0000001788
2014-10-12, 0000001789
2014-10-13, 0000001790
2014-10-14, 0000001791
2014-10-15, 0000001792
2014-10-16, 0000001793
2014-10-17, 0000001794
2014-10-18, 0000001795
2014-10-19, 0000001796
2014-10-20, 0000001797
2014-10-21, 0000001798
2014-10-22, 0000001799
2014-10-23, 0000001800
2014-10-24, 0000001801
2014-10-25, 0000001802
2014-10-26, 0000001803
2014-10-27, 0000001804
2014-10-28, 0000001805
2014-10-29, 0000001806
2014-10-30, 0000001807
2014-10-31, 0000001808
2014-11-01, 0000001809
2014-11-02, 0000001810
2014-11-03, 0000001811
2014-11-04, 0000001812
2014-11-05, 0000001813
2014-11-06, 0000001814
2014-11-07, 0000001815
2014-11-08, 0000001816
2014-11-09, 0000001817
2014-11-10, 0000001818
2014-11-11, 0000001819
2014-11-11, 0000001820
2014-11-12, 0000001821
2014-11-13, 0000001822
2014-11-14, 0000001823
2014-11-15, 0000001824
2014-11-16, 0000001825
2014-11-17, 0000001826
2014-11-18, 0000001827
2014-11-19, 0000001828
2014-11-20, 0000001829
2014-11-21, 0000001830
2014-11-22, 0000001831
2014-11-23, 0000001832
2014-11-24, 0000001833
2014-11-25, 0000001834
2014-11-26, 0000001835
2014-11-27, 0000001836
2014-11-28, 0000001837
2014-11-29, 0000001838
2014-11-30, 0000001839
2014-12-01, 0000001840
2014-12-02, 0000001841
2014-12-03, 0000001842
2014-12-04, 0000001843
2014-12-05, 0000001844
2014-12-06, 0000001845
2014-12-07, 0000001846
2014-12-07, 0000001847
2014-12-08, 0000001848
2014-12-09, 0000001849
2014-12-10, 0000001850
2014-12-11, 0000001851
2014-12-12, 0000001852
2014-12-13, 0000001853
2014-12-14, 0000001854
2014-12-15, 0000001855
2014-12-16, 0000001856
2014-12-17, 0000001857
2014-12-18, 0000001858
2014-12-19, 0000001859
2014-12-20, 0000001860
2014-12-21, 0000001861
2014-12-22, 0000001862
2014-12-23, 0000001863
2014-12-24, 0000001864
2014-12-25, 0000001865
2014-12-26, 0000001866
2014-12-27, 0000001867
2014-12-28, 0000001868
2014-12-29, 0000001869
2014-12-30, 0000001870
2014-12-31, 0000001871
2015-01-01, 0000001872
2015-01-02, 0000001873
2015-01-03, 0000001874
2015-01-04, 0000001875
2015-01-05, 0000001876
2015-01-06, 0000001877
2015-01-07, 0000001878
2015-01-08, 0000001879
2015-01-09, 0000001880
2015-01-10, 0000001881
2015-01-11, 0000001882
2015-01-12, 0000001883
2015-01-13, 0000001884
2015-01-14, 0000001885
2015-01-15, 0000001886
2015-01-16, 0000001887
2015-01-17, 0000001888
2015-01-18, 0000001889
2015-01-19, 0000001890
2015-01-20, 0000001891
2015-01-21, 0000001892
2015-01-22, 0000001893
2015-01-23, 0000001894
2015-01-24, 0000001895
2015-01-25, 0000001896
2015-01-26, 0000001897
2015-01-27, 0000001898
2015-01-28, 0000001899
2015-01-29, 0000001900
2015-01-30, 0000001901
2015-01-31, 0000001902
2015-02-01, 0000001903
2015-02-02, 0000001904
2015-02-03, 0000001905
2015-02-04, 0000001906
2015-02-05, 0000001907
2015-02-06, 0000001908
2015-02-07, 0000001909
2015-02-08, 0000001910
2015-02-09, 0000001911
2015-02-10, 0000001912
2015-02-11, 0000001913
2015-02-12, 0000001914
2015-02-13, 0000001915
2015-02-14, 0000001916
2015-02-15, 0000001917
2015-02-16, 0000001918
2015-02-17, 0000001919
2015-02-18, 0000001920
2015-02-19, 0000001921
2015-02-20, 0000001922
2015-02-21, 0000001923
2015-02-22, 0000001924
2015-02-23, 0000001925
2015-02-24, 0000001926
2015-02-25, 0000001927
2015-02-26, 0000001928
2015-02-27, 0000001929
2015-02-27, 0000001930
2015-02-28, 0000001931
2015-03-01, 0000001932
2015-03-02, 0000001933
2015-03-03, 0000001934
2015-03-04, 0000001935
2015-03-05, 0000001936
2015-03-06, 0000001937
2015-03-07, 0000001938
2015-03-08, 0000001939
2015-03-09, 0000001940
2015-03-10, 0000001941
2015-03-11, 0000001942
2015-03-12, 0000001943
2015-03-13, 0000001944
2015-03-14, 0000001945
2015-03-15, 0000001946
2015-03-16, 0000001947
2015-03-17, 0000001948
2015-03-18, 0000001949
2015-03-18, 0000001950
2015-03-19, 0000001951
2015-03-20, 0000001952
2015-03-21, 0000001953
2015-03-22, 0000001954
2015-03-23, 0000001955
2015-03-24, 0000001956
2015-03-25, 0000001957
2015-03-26, 0000001958
2015-03-27, 0000001959
2015-03-28, 0000001960
2015-03-29, 0000001961
2015-03-30, 0000001962
2015-03-31, 0000001963
2015-04-01, 0000001964
2015-04-02, 0000001965
2015-04-03, 0000001966
2015-04-04, 0000001967
2015-04-05, 0000001968
2015-04-06, 0000001969
2015-04-07, 0000001970
2015-04-08, 0000001971
2015-04-09, 0000001972
2015-04-10, 0000001973
2015-04-11, 0000001974
2015-04-12, 0000001975
2015-04-13, 0000001976
2015-04-14, 0000001977
2015-04-15, 0000001978
2015-04-16, 0000001979
2015-04-17, 0000001980
2015-04-18, 0000001981
2015-04-19, 0000001982
2015-04-20, 0000001983
2015-04-21, 0000001984
2015-04-22, 0000001985
2015-04-23, 0000001986
2015-04-24, 0000001987
2015-04-25, 0000001988
2015-04-26, 0000001989
2015-04-27, 0000001990
2015-04-28, 0000001991
2015-04-29, 0000001992
2015-04-30, 0000001993
2015-05-01, 0000001994
2015-05-02, 0000001995
2015-05-03, 0000001996
2015-05-04, 0000001997
2015-05-05, 0000001998
2015-05-06, 0000001999
2015-05-07, 0000002000
2015-05-08, 0000002001
2015-05-09, 0000002002
2015-05-10, 0000002003
2015-05-11, 0000002004
2015-05-12, 0000002005
2015-05-13, 0000002006
2015-05-14, 0000002007
2015-05-15, 0000002008
2015-05-16, 0000002009
2015-05-17, 0000002010
2015-05-18, 0000002011
2015-05-19, 0000002012
2015-05-20, 0000002013
2015-05-21, 0000002014
2015-05-22, 0000002015
2015-05-23, 0000002016
2015-05-24, 0000002017
2015-05-25, 0000002018
2015-05-26, 0000002019
2015-05-27, 0000002020
2015-05-28, 0000002021
2015-05-29, 0000002022
2015-05-30, 0000002023
2015-05-31, 0000002024
2015-06-01, 0000002025
2015-06-02, 0000002026
2015-06-03, 0000002027
2015-06-04, 0000002028
2015-06-05, 0000002029
2015-06-06, 0000002030
2015-06-07, 0000002031
2015-06-08, 0000002032
2015-06-09, 0000002033
2015-06-10, 0000002034
2015-06-11, 0000002035
2015-06-12, 0000002036
2015-06-13, 0000002037
2015-06-14, 0000002038
2015-06-15, 0000002039
2015-06-16, 0000002040
2015-06-17, 0000002041
2015-06-18, 0000002042
2015-06-19, 0000002043
2015-06-20, 0000002044
2015-06-21, 0000002045
2015-06-22, 0000002046
2015-06-23, 0000002047
2015-06-24, 0000002048
2015-06-25, 0000002049
2015-06-26, 0000002050
2015-06-27, 0000002051
2015-06-28, 0000002052
2015-06-29, 0000002053
2015-06-30, 0000002054
2015-07-01, 0000002055
2015-07-02, 0000002056
2015-07-03, 0000002057
2015-07-04, 0000002058
2015-07-05, 0000002059
2015-07-06, 0000002060
2015-07-07, 0000002061
2015-07-08, 0000002062
2015-07-09, 0000002063
2015-07-10, 0000002064
2015-07-11, 0000002065
2015-07-12, 0000002066
2015-07-13, 0000002067
2015-07-14, 0000002068
2015-07-15, 0000002069
2015-07-15, 0000002070
2015-07-16, 0000002071
2015-07-17, 0000002072
2015-07-18, 0000002073
2015-07-19, 0000002074
2015-07-20, 0000002075
2015-07-21, 0000002076
2015-07-22, 0000002077
2015-07-23, 0000002078
2015-07-24, 0000002079
2015-07-25, 0000002080
2015-07-26, 0000002081
2015-07-27, 0000002082
2015-07-28, 0000002083
2015-07-29, 0000002084
2015-07-30, 0000002085
2015-07-31, 0000002086
2015-08-01, 0000002087
2015-08-02, 0000002088
2015-08-03, 0000002089
2015-08-04, 0000002090
2015-08-05, 0000002091
2015-08-06, 0000002092
2015-08-07, 0000002093
2015-08-08, 0000002094
2015-08-09, 0000002095
2015-08-10, 0000002096
2015-08-11, 0000002097
2015-08-12, 0000002098
2015-08-13, 0000002099
2015-08-14, 0000002100
2015-08-15, 0000002101
2015-08-16, 0000002102
2015-08-17, 0000002103
2015-08-18, 0000002104
2015-08-19, 0000002105
2015-08-20, 0000002106
2015-08-21, 0000002107
2015-08-22, 0000002108
2015-08-23, 0000002109
2015-08-24, 0000002110
2015-08-25, 0000002111
2015-08-26, 0000002112
2015-08-27, 0000002113
2015-08-28, 0000002114
2015-08-29, 0000002115
2015-08-30, 0000002116
2015-08-31, 0000002117
2015-09-01, 0000002118
2015-09-02, 0000002119
2015-09-03, 0000002120
2015-09-04, 0000002121
2015-09-05, 0000002122
2015-09-06, 0000002123
2015-09-07, 0000002124
2015-09-08, 0000002125
2015-09-09, 0000002126
2015-09-10, 0000002127
2015-09-11, 0000002128
2015-09-12, 0000002129
2015-09-13, 0000002130
2015-09-14, 0000002131
2015-09-15, 0000002132
2015-09-16, 0000002133
2015-09-17, 0000002134
2015-09-18, 0000002135
2015-09-19, 0000002136
2015-09-20, 0000002137
2015-09-21, 0000002138
2015-09-22, 0000002139
2015-09-22, 0000002140
2015-09-23, 0000002141
2015-09-24, 0000002142
2015-09-25, 0000002143
2015-09-26, 0000002144
2015-09-27, 0000002145
2015-09-28, 0000002146
2015-09-29, 0000002147
2015-09-30, 0000002148
2015-10-01, 0000002149
2015-10-02, 0000002150
2015-10-03, 0000002151
2015-10-04, 0000002152
2015-10-05, 0000002153
2015-10-06, 0000002154
2015-10-07, 0000002155
2015-10-08, 0000002156
2015-10-09, 0000002157
2015-10-10, 0000002158
2015-10-11, 0000002159
2015-10-12, 0000002160
2015-10-13, 0000002161
2015-10-14, 0000002162
2015-10-15, 0000002163
2015-10-16, 0000002164
2015-10-17, 0000002165
2015-10-18, 0000002166
2015-10-19, 0000002167
2015-10-20, 0000002168
2015-10-21, 0000002169
2015-10-22, 0000002170
2015-10-23, 0000002171
2015-10-24, 0000002172
2015-10-25, 0000002173
2015-10-26, 0000002174
2015-10-27, 0000002175
2015-10-28, 0000002176
2015-10-29, 0000002177
2015-10-30, 0000002178
2015-10-31, 0000002179
2015-11-01, 0000002180
2015-11-02, 0000002181
2015-11-03, 0000002182
2015-11-04, 0000002183
2015-11-05, 0000002184
2015-11-06, 0000002185
2015-11-07, 0000002186
2015-11-08, 0000002187
2015-11-09, 0000002188
2015-11-10, 0000002189
2015-11-10, 0000002190
2015-11-11, 0000002191
2015-11-12, 0000002192
2015-11-13, 0000002193
2015-11-14, 0000002194
2015-11-15, 0000002195
2015-11-16, 0000002196
2015-11-17, 0000002197
2015-11-18, 0000002198
2015-11-19, 0000002199
2015-11-20, 0000002200
2015-11-21, 0000002201
2015-11-22, 0000002202
2015-11-23, 0000002203
2015-11-24, 0000002204
2015-11-25, 0000002205
2015-11-26, 0000002206
2015-11-27, 0000002207
2015-11-28, 0000002208
2015-11-29, 0000002209
2015-11-30, 0000002210
2015-12-01, 0000002211
2015-12-02, 0000002212
2015-12-03, 0000002213
2015-12-04, 0000002214
2015-12-05, 0000002215
2015-12-06, 0000002216
2015-12-07, 0000002217
2015-12-08, 0000002218
2015-12-09, 0000002219
2015-12-10, 0000002220
2015-12-11, 0000002221
2015-12-12, 0000002222
2015-12-13, 0000002223
2015-12-14, 0000002224
2015-12-15, 0000002225
2015-12-16, 0000002226
2015-12-17, 0000002227
2015-12-18, 0000002228
2015-12-19, 0000002229
2015-12-20, 0000002230
2015-12-21, 0000002231
2015-12-22, 0000002232
2015-12-23, 0000002233
2015-12-24, 0000002234
2015-12-25, 0000002235
2015-12-26, 0000002236
2015-12-27, 0000002237
2015-12-28, 0000002238
2015-12-29, 0000002239
2015-12-30, 0000002240
2015-12-31, 0000002241
2016-01-01, 0000002242
2016-01-02, 0000002243
2016-01-03, 0000002244
2016-01-04, 0000002245
2016-01-05, 0000002246
2016-01-06, 0000002247
2016-01-07, 0000002248
2016-01-08, 0000002249
2016-01-09, 0000002250
2016-01-10, 0000002251
2016-01-11, 0000002252
2016-01-11, 0000002253
2016-01-12, 0000002254
2016-01-13, 0000002255
2016-01-14, 0000002256
2016-01-15, 0000002257
2016-01-16, 0000002258
2016-01-17, 0000002259
2016-01-18, 0000002260
2016-01-19, 0000002261
2016-01-20, 0000002262
2016-01-21, 0000002263
2016-01-22, 0000002264
2016-01-23, 0000002265
2016-01-24, 0000002266
2016-01-25, 0000002267
2016-01-26, 0000002268
2016-01-27, 0000002269
2016-01-28, 0000002270
2016-01-29, 0000002271
2016-01-30, 0000002272
2016-01-31, 0000002273
2016-02-01, 0000002274
2016-02-02, 0000002275
2016-02-03, 0000002276
2016-02-04, 0000002277
2016-02-05, 0000002278
2016-02-06, 0000002279
2016-02-07, 0000002280
2016-02-08, 0000002281
2016-02-09, 0000002282
2016-02-10, 0000002283
2016-02-11, 0000002284
2016-02-12, 0000002285
2016-02-13, 0000002286
2016-02-14, 0000002287
2016-02-15, 0000002288
2016-02-16, 0000002289
2016-02-17, 0000002290
2016-02-18, 0000002291
2016-02-19, 0000002292
2016-02-20, 0000002293
2016-02-21, 0000002294
2016-02-22, 0000002295
2016-02-23, 0000002296
2016-02-24, 0000002297
2016-02-25, 0000002298
2016-02-26, 0000002299
2016-02-27, 0000002300
2016-02-28, 0000002301
2016-02-29, 0000002302
2016-03-01, 0000002303
2016-03-02, 0000002304
2016-03-03, 0000002305
2016-03-04, 0000002306
2016-03-05, 0000002307
2016-03-06, 0000002308
2016-03-07, 0000002309
2016-03-08, 0000002310
2016-03-08, 0000002311
2016-03-09, 0000002312
2016-03-10, 0000002313
2016-03-11, 0000002314
2016-03-12, 0000002315
2016-03-12, 0000002316
2016-03-13, 0000002317
2016-03-14, 0000002318
2016-03-15, 0000002319
2016-03-15, 0000002320
2016-03-16, 0000002321
2016-03-17, 0000002322
2016-03-18, 0000002323
2016-03-19, 0000002324
2016-03-20, 0000002325
2016-03-20, 0000002326
2016-03-21, 0000002327
2016-03-22, 0000002328
2016-03-23, 0000002329
2016-03-24, 0000002330
2016-03-24, 0000002331
2016-03-25, 0000002332
2016-03-26, 0000002333
2016-03-27, 0000002334
2016-03-28, 0000002335
2016-03-29, 0000002336
2016-03-30, 0000002337
2016-03-31, 0000002338
2016-04-01, 0000002339
2016-04-02, 0000002340
2016-04-03, 0000002341
2016-04-04, 0000002342
2016-04-05, 0000002343
2016-04-06, 0000002344
2016-04-07, 0000002345
2016-04-08, 0000002346
2016-04-09, 0000002347
2016-04-10, 0000002348
2016-04-11, 0000002349
2016-04-12, 0000002350
2016-04-13, 0000002351
2016-04-14, 0000002352
2016-04-15, 0000002353
2016-04-16, 0000002354
2016-04-17, 0000002355
2016-04-18, 0000002356
2016-04-19, 0000002357
2016-04-20, 0000002358
2016-04-21, 0000002359
2016-04-22, 0000002360
2016-04-23, 0000002361
2016-04-24, 0000002362
2016-04-25, 0000002363
2016-04-26, 0000002364
2016-04-27, 0000002365
2016-04-28, 0000002366
2016-04-29, 0000002367
2016-04-30, 0000002368
2016-05-01, 0000002369
2016-05-02, 0000002370
2016-05-03, 0000002371
2016-05-04, 0000002372
2016-05-05, 0000002373
2016-05-06, 0000002374
2016-05-07, 0000002375
2016-05-08, 0000002376
2016-05-09, 0000002377
2016-05-10, 0000002378
2016-05-11, 0000002379
2016-05-12, 0000002380
2016-05-13, 0000002381
2016-05-14, 0000002382
2016-05-15, 0000002383
2016-05-16, 0000002384
2016-05-17, 0000002385
2016-05-18, 0000002386
2016-05-19, 0000002387
2016-05-20, 0000002388
2016-05-21, 0000002389
2016-05-22, 0000002390
2016-05-23, 0000002391
2016-05-24, 0000002392
2016-05-24, 0000002393
2016-05-25, 0000002394
2016-05-26, 0000002395
2016-05-27, 0000002396
2016-05-28, 0000002397
2016-05-29, 0000002398
2016-05-30, 0000002399
2016-05-31, 0000002400
2016-06-01, 0000002401
2016-06-02, 0000002402
2016-06-03, 0000002403
2016-06-04, 0000002404
2016-06-05, 0000002405
2016-06-06, 0000002406
2016-06-07, 0000002407
2016-06-08, 0000002408
2016-06-09, 0000002409
2016-06-10, 0000002410
2016-06-11, 0000002411
2016-06-12, 0000002412
2016-06-13, 0000002413
2016-06-14, 0000002414
2016-06-15, 0000002415
2016-06-16, 0000002416
2016-06-17, 0000002417
2016-06-18, 0000002418
2016-06-18, 0000002419
2016-06-19, 0000002420
2016-06-20, 0000002421
2016-06-21, 0000002422
2016-06-22, 0000002423
2016-06-23, 0000002424
2016-06-24, 0000002425
2016-06-25, 0000002426
2016-06-26, 0000002427
2016-06-27, 0000002428
2016-06-28, 0000002429
2016-06-29, 0000002430
2016-06-30, 0000002431
2016-07-01, 0000002432
2016-07-02, 0000002433
2016-07-03, 0000002434
2016-07-04, 0000002435
2016-07-05, 0000002436
2016-07-06, 0000002437
2016-07-07, 0000002438
2016-07-08, 0000002439
2016-07-09, 0000002440
2016-07-10, 0000002441
2016-07-11, 0000002442
2016-07-12, 0000002443
2016-07-13, 0000002444
2016-07-14, 0000002445
2016-07-15, 0000002446
2016-07-16, 0000002447
2016-07-17, 0000002448
2016-07-18, 0000002449
2016-07-19, 0000002450
2016-07-20, 0000002451
2016-07-21, 0000002452
2016-07-22, 0000002453
2016-07-23, 0000002454
2016-07-24, 0000002455
2016-07-25, 0000002456
2016-07-26, 0000002457
2016-07-27, 0000002458
2016-07-28, 0000002459
2016-07-29, 0000002460
2016-07-30, 0000002461
2016-07-31, 0000002462
2016-08-01, 0000002463
2016-08-02, 0000002464
2016-08-03, 0000002465
2016-08-04, 0000002466
2016-08-05, 0000002467
2016-08-06, 0000002468
2016-08-07, 0000002469
2016-08-08, 0000002470
2016-08-09, 0000002471
2016-08-10, 0000002472
2016-08-11, 0000002473
2016-08-12, 0000002474
2016-08-13, 0000002475
2016-08-14, 0000002476
2016-08-15, 0000002477
2016-08-16, 0000002478
2016-08-17, 0000002479
2016-08-18, 0000002480
2016-08-19, 0000002481
2016-08-20, 0000002482
2016-08-21, 0000002483
2016-08-22, 0000002484
2016-08-23, 0000002485
2016-08-24, 0000002486
2016-08-25, 0000002487
2016-08-26, 0000002488
2016-08-27, 0000002489
2016-08-28, 0000002490
2016-08-29, 0000002491
2016-08-30, 0000002492
2016-08-31, 0000002493
2016-09-01, 0000002494
2016-09-02, 0000002495
2016-09-03, 0000002496
2016-09-04, 0000002497
2016-09-05, 0000002498
2016-09-06, 0000002499
2016-09-07, 0000002500
2016-09-08, 0000002501
2016-09-09, 0000002502
2016-09-10, 0000002503
2016-09-11, 0000002504
2016-09-11, 0000002505
2016-09-11, 0000002506
2016-09-12, 0000002507
2016-09-13, 0000002508
2016-09-14, 0000002509
2016-09-15, 0000002510
2016-09-16, 0000002511
2016-09-17, 0000002512
2016-09-18, 0000002513
2016-09-19, 0000002514
2016-09-20, 0000002515
2016-09-21, 0000002516
2016-09-22, 0000002517
2016-09-23, 0000002518
2016-09-24, 0000002519
2016-09-25, 0000002520
2016-09-26, 0000002521
2016-09-27, 0000002522
2016-09-28, 0000002523
2016-09-29, 0000002524
2016-09-30, 0000002525
2016-10-01, 0000002526
2016-10-02, 0000002527
2016-10-03, 0000002528
2016-10-04, 0000002529
2016-10-04, 0000002530
2016-10-05, 0000002531
2016-10-06, 0000002532
2016-10-07, 0000002533
2016-10-08, 0000002534
2016-10-09, 0000002535
2016-10-10, 0000002536
2016-10-11, 0000002537
2016-10-12, 0000002538
2016-10-13, 0000002539
2016-10-14, 0000002540
2016-10-15, 0000002541
2016-10-16, 0000002542
2016-10-17, 0000002543
2016-10-18, 0000002544
2016-10-19, 0000002545
2016-10-20, 0000002546
2016-10-21, 0000002547
2016-10-22, 0000002548
2016-10-23, 0000002549
2016-10-24, 0000002550
2016-10-25, 0000002551
2016-10-26, 0000002552
2016-10-27, 0000002553
2016-10-28, 0000002554
2016-10-29, 0000002555
2016-10-30, 0000002556
2016-10-31, 0000002557
2016-11-01, 0000002558
2016-11-02, 0000002559
2016-11-03, 0000002560
2016-11-04, 0000002561
2016-11-05, 0000002562
2016-11-06, 0000002563
2016-11-07, 0000002564
2016-11-08, 0000002565
2016-11-09, 0000002566
2016-11-10, 0000002567
2016-11-11, 0000002568
2016-11-12, 0000002569
2016-11-13, 0000002570
2016-11-14, 0000002571
2016-11-15, 0000002572
2016-11-16, 0000002573
2016-11-17, 0000002574
2016-11-18, 0000002575
2016-11-19, 0000002576
2016-11-20, 0000002577
2016-11-21, 0000002578
2016-11-22, 0000002579
2016-11-23, 0000002580
2016-11-24, 0000002581
2016-11-25, 0000002582
2016-11-26, 0000002583
2016-11-27, 0000002584
2016-11-28, 0000002585
2016-11-29, 0000002586
2016-11-30, 0000002587
2016-11-30, 0000002588
2016-12-01, 0000002589
2016-12-02, 0000002590
2016-12-03, 0000002591
2016-12-04, 0000002592
2016-12-05, 0000002593
2016-12-06, 0000002594
2016-12-07, 0000002595
2016-12-08, 0000002596
2016-12-09, 0000002597
2016-12-10, 0000002598
2016-12-11, 0000002599
2016-12-12, 0000002600
2016-12-13, 0000002601
2016-12-14, 0000002602
2016-12-15, 0000002603
2016-12-16, 0000002604
2016-12-17, 0000002605
2016-12-18, 0000002606
2016-12-19, 0000002607
2016-12-20, 0000002608
2016-12-21, 0000002609
2016-12-22, 0000002610
2016-12-23, 0000002611
2016-12-24, 0000002612
2016-12-25, 0000002613
2016-12-26, 0000002614
2016-12-27, 0000002615
2016-12-28, 0000002616
2016-12-29, 0000002617
2016-12-30, 0000002618
2016-12-31, 0000002619
2017-01-01, 0000002620
2017-01-01, 0000002621
2017-01-02, 0000002622
2017-01-03, 0000002623
2017-01-04, 0000002624
2017-01-05, 0000002625
2017-01-06, 0000002626
2017-01-07, 0000002627
2017-01-08, 0000002628
2017-01-09, 0000002629
2017-01-10, 0000002630
2017-01-11, 0000002631
2017-01-12, 0000002632
2017-01-13, 0000002633
2017-01-14, 0000002634
2017-01-15, 0000002635
2017-01-15, 0000002636
2017-01-16, 0000002637
2017-01-17, 0000002638
2017-01-18, 0000002639
2017-01-19, 0000002640
2017-01-20, 0000002641
2017-01-20, 0000002642
2017-01-21, 0000002643
2017-01-22, 0000002644
2017-01-23, 0000002645
2017-01-24, 0000002646
2017-01-25, 0000002647
2017-01-26, 0000002648
2017-01-27, 0000002649
2017-01-28, 0000002650
2017-01-29, 0000002651
2017-01-30, 0000002652
2017-01-30, 0000002653
2017-01-31, 0000002654
2017-02-01, 0000002655
2017-02-02, 0000002656
2017-02-03, 0000002657
2017-02-04, 0000002658
2017-02-05, 0000002659
2017-02-06, 0000002660
2017-02-07, 0000002661
2017-02-08, 0000002662
2017-02-09, 0000002663
2017-02-10, 0000002664
2017-02-11, 0000002665
2017-02-12, 0000002666
2017-02-13, 0000002667
2017-02-14, 0000002668
2017-02-15, 0000002669
2017-02-16, 0000002670
2017-02-16, 0000002671
2017-02-17, 0000002672
2017-02-18, 0000002673
2017-02-19, 0000002674
2017-02-20, 0000002675
2017-02-21, 0000002676
2017-02-22, 0000002677
2017-02-23, 0000002678
2017-02-24, 0000002679
2017-02-25, 0000002680
2017-02-26, 0000002681
2017-02-26, 0000002682
2017-02-27, 0000002683
2017-02-28, 0000002684
2017-03-01, 0000002685
2017-03-02, 0000002686
2017-03-03, 0000002687
2017-03-04, 0000002688
2017-03-05, 0000002689
2017-03-06, 0000002690
2017-03-07, 0000002691
2017-03-08, 0000002692
2017-03-09, 0000002693
2017-03-10, 0000002694
2017-03-11, 0000002695
2017-03-12, 0000002696
2017-03-13, 0000002697
2017-03-14, 0000002698
2017-03-15, 0000002699
2017-03-16, 0000002700
2017-03-17, 0000002701
2017-03-18, 0000002702
2017-03-18, 0000002703
2017-03-19, 0000002704
2017-03-20, 0000002705
2017-03-21, 0000002706
2017-03-21, 0000002707
2017-03-22, 0000002708
2017-03-23, 0000002709
2017-03-24, 0000002710
2017-03-25, 0000002711
2017-03-26, 0000002712
2017-03-27, 0000002713
2017-03-28, 0000002714
2017-03-29, 0000002715
2017-03-30, 0000002716
2017-03-31, 0000002717
2017-04-01, 0000002718
2017-04-02, 0000002719
2017-04-03, 0000002720
2017-04-04, 0000002721
2017-04-05, 0000002722
2017-04-06, 0000002723
2017-04-07, 0000002724
2017-04-08, 0000002725
2017-04-09, 0000002726
2017-04-10, 0000002727
2017-04-11, 0000002728
2017-04-12, 0000002729
2017-04-13, 0000002730
2017-04-14, 0000002731
2017-04-15, 0000002732
2017-04-16, 0000002733
2017-04-17, 0000002734
2017-04-18, 0000002735
2017-04-19, 0000002736
2017-04-20, 0000002737
2017-04-21, 0000002738
2017-04-22, 0000002739
2017-04-23, 0000002740
2017-04-24, 0000002741
2017-04-25, 0000002742
2017-04-26, 0000002743
2017-04-26, 0000002744
2017-04-27, 0000002745
2017-04-28, 0000002746
2017-04-29, 0000002747
2017-04-30, 0000002748
2017-05-01, 0000002749
2017-05-02, 0000002750
2017-05-03, 0000002751
2017-05-04, 0000002752
2017-05-05, 0000002753
2017-05-06, 0000002754
2017-05-07, 0000002755
2017-05-08, 0000002756
2017-05-09, 0000002757
2017-05-10, 0000002758
2017-05-11, 0000002759
2017-05-12, 0000002760
2017-05-13, 0000002761
2017-05-14, 0000002762
2017-05-15, 0000002763
2017-05-16, 0000002764
2017-05-17, 0000002765
2017-05-18, 0000002766
2017-05-19, 0000002767
2017-05-20, 0000002768
2017-05-21, 0000002769
2017-05-22, 0000002770
2017-05-23, 0000002771
2017-05-24, 0000002772
2017-05-25, 0000002773
2017-05-26, 0000002774
2017-05-27, 0000002775
2017-05-28, 0000002776
2017-05-29, 0000002777
2017-05-30, 0000002778
2017-05-31, 0000002779
2017-06-01, 0000002780
2017-06-02, 0000002781
2017-06-03, 0000002782
2017-06-04, 0000002783
2017-06-05, 0000002784
2017-06-06, 0000002785
2017-06-07, 0000002786
2017-06-08, 0000002787
2017-06-09, 0000002788
2017-06-10, 0000002789
2017-06-10, 0000002790
2017-06-11, 0000002791
2017-06-12, 0000002792
2017-06-13, 0000002793
2017-06-14, 0000002794
2017-06-15, 0000002795
2017-06-16, 0000002796
2017-06-17, 0000002797
2017-06-18, 0000002798
2017-06-19, 0000002799
2017-06-20, 0000002800
2017-06-21, 0000002801
2017-06-22, 0000002802
2017-06-23, 0000002803
2017-06-24, 0000002804
2017-06-24, 0000002805
2017-06-25, 0000002806
2017-06-26, 0000002807
2017-06-27, 0000002808
2017-06-28, 0000002809
2017-06-29, 0000002810
2017-06-30, 0000002811
2017-06-30, 0000002812
2017-07-01, 0000002813
2017-07-02, 0000002814
2017-07-03, 0000002815
2017-07-04, 0000002816
2017-07-05, 0000002817
2017-07-06, 0000002818
2017-07-07, 0000002819
2017-07-07, 0000002820
2017-07-08, 0000002821
2017-07-09, 0000002822
2017-07-10, 0000002823
2017-07-11, 0000002824
2017-07-12, 0000002825
2017-07-13, 0000002826
2017-07-14, 0000002827
2017-07-15, 0000002828
2017-07-16, 0000002829
2017-07-17, 0000002830
2017-07-18, 0000002831
2017-07-19, 0000002832
2017-07-20, 0000002833
2017-07-21, 0000002834
2017-07-22, 0000002835
2017-07-23, 0000002836
2017-07-24, 0000002837
2017-07-25, 0000002838
2017-07-26, 0000002839
2017-07-27, 0000002840
2017-07-28, 0000002841
2017-07-29, 0000002842
2017-07-30, 0000002843
2017-07-31, 0000002844
2017-08-01, 0000002845
2017-08-02, 0000002846
2017-08-03, 0000002847
2017-08-04, 0000002848
2017-08-05, 0000002849
2017-08-06, 0000002850
2017-08-07, 0000002851
2017-08-08, 0000002852
2017-08-09, 0000002853
2017-08-10, 0000002854
2017-08-11, 0000002855
2017-08-12, 0000002856
2017-08-13, 0000002857
2017-08-14, 0000002858
2017-08-15, 0000002859
2017-08-16, 0000002860
2017-08-17, 0000002861
2017-08-18, 0000002862
2017-08-19, 0000002863
2017-08-20, 0000002864
2017-08-21, 0000002865
2017-08-22, 0000002866
2017-08-23, 0000002867
2017-08-24, 0000002868
2017-08-25, 0000002869
2017-08-26, 0000002870
2017-08-27, 0000002871
2017-08-28, 0000002872
2017-08-29, 0000002873
2017-08-30, 0000002874
2017-08-31, 0000002875
2017-09-01, 0000002876
2017-09-02, 0000002877
2017-09-03, 0000002878
2017-09-04, 0000002879
2017-09-05, 0000002880
2017-09-06, 0000002881
2017-09-07, 0000002882
2017-09-08, 0000002883
2017-09-09, 0000002884
2017-09-10, 0000002885
2017-09-11, 0000002886
2017-09-12, 0000002887
2017-09-13, 0000002888
2017-09-14, 0000002889
2017-09-15, 0000002890
2017-09-16, 0000002891
2017-09-17, 0000002892
2017-09-18, 0000002893
2017-09-18, 0000002894
2017-09-19, 0000002895
2017-09-20, 0000002896
2017-09-21, 0000002897
2017-09-22, 0000002898
2017-09-23, 0000002899
2017-09-24, 0000002900
2017-09-25, 0000002901
2017-09-26, 0000002902
2017-09-27, 0000002903
2017-09-28, 0000002904
2017-09-29, 0000002905
2017-09-30, 0000002906
2017-10-01, 0000002907
2017-10-02, 0000002908
2017-10-03, 0000002909
2017-10-04, 0000002910
2017-10-05, 0000002911
2017-10-06, 0000002912
2017-10-07, 0000002913
2017-10-08, 0000002914
2017-10-09, 0000002915
2017-10-10, 0000002916
2017-10-11, 0000002917
2017-10-12, 0000002918
2017-10-13, 0000002919
2017-10-14, 0000002920
2017-10-15, 0000002921
2017-10-16, 0000002922
2017-10-17, 0000002923
2017-10-18, 0000002924
2017-10-19, 0000002925
2017-10-20, 0000002926
2017-10-21, 0000002927
2017-10-22, 0000002928
2017-10-23, 0000002929
2017-10-24, 0000002930
2017-10-25, 0000002931
2017-10-26, 0000002932
2017-10-27, 0000002933
2017-10-28, 0000002934
2017-10-29, 0000002935
2017-10-30, 0000002936
2017-10-31, 0000002937
2017-11-01, 0000002938
2017-11-02, 0000002939
2017-11-03, 0000002940
2017-11-04, 0000002941
2017-11-05, 0000002942
2017-11-06, 0000002943
2017-11-07, 0000002944
2017-11-08, 0000002945
2017-11-09, 0000002946
2017-11-10, 0000002947
2017-11-11, 0000002948
2017-11-12, 0000002949
2017-11-13, 0000002950
2017-11-14, 0000002951
2017-11-15, 0000002952
2017-11-16, 0000002953
2017-11-17, 0000002954
2017-11-18, 0000002955
2017-11-19, 0000002956
2017-11-20, 0000002957
2017-11-21, 0000002958
2017-11-22, 0000002959
2017-11-23, 0000002960
2017-11-23, 0000002961
2017-11-24, 0000002962
2017-11-25, 0000002963
2017-11-26, 0000002964
2017-11-27, 0000002965
2017-11-28, 0000002966
2017-11-29, 0000002967
2017-11-30, 0000002968
2017-12-01, 0000002969
2017-12-02, 0000002970
2017-12-03, 0000002971
2017-12-04, 0000002972
2017-12-05, 0000002973
2017-12-06, 0000002974
2017-12-07, 0000002975
2017-12-08, 0000002976
2017-12-09, 0000002977
2017-12-10, 0000002978
2017-12-11, 0000002979
2017-12-12, 0000002980
2017-12-13, 0000002981
2017-12-14, 0000002982
2017-12-15, 0000002983
2017-12-16, 0000002984
2017-12-17, 0000002985
2017-12-18, 0000002986
2017-12-19, 0000002987
2017-12-20, 0000002988
2017-12-21, 0000002989
2017-12-22, 0000002990
2017-12-23, 0000002991
2017-12-24, 0000002992
2017-12-25, 0000002993
2017-12-26, 0000002994
2017-12-27, 0000002995
2017-12-28, 0000002996
2017-12-29, 0000002997
2017-12-30, 0000002998
2017-12-31, 0000002999
2018-01-01, 0000003000
